1.497580823096466007e+00,-1.797500231571695473e+00,1.748302044390654952e+00,-1.252412281943874994e+00,-1.597726099634219299e+00,2.453101227695441127e-03
1.493678199641834459e+00,-1.793389662003789242e+00,1.745684904263205661e+00,-1.257318014452940336e+00,-1.593787193393074286e+00,6.460389487387621990e-03
1.488025239307201764e+00,-1.787183342314813128e+00,1.741157888751556859e+00,-1.264599971967782732e+00,-1.587926923031325321e+00,1.252659874480130386e-02
1.481026434455395169e+00,-1.778756401386565766e+00,1.734614176945331154e+00,-1.273632686837113503e+00,-1.581285246699721814e+00,2.030744706976436026e-02
1.472571254393441276e+00,-1.768768672841578127e+00,1.726607816335007373e+00,-1.285450884388648518e+00,-1.573410717381240609e+00,3.056158856480729186e-02
1.463196675302262717e+00,-1.756218139884861751e+00,1.717516892635636117e+00,-1.298605360779238271e+00,-1.563979670050949622e+00,4.331324395856778198e-02
1.452434819608701133e+00,-1.740943414050445837e+00,1.707303893298916408e+00,-1.313016437874491738e+00,-1.552633060155378386e+00,5.812036599437638007e-02
1.439666554823704203e+00,-1.723215528197373336e+00,1.695477090886706728e+00,-1.329279730094840462e+00,-1.539474599424415224e+00,7.538027213267102511e-02
1.426777188196831636e+00,-1.703417214513883282e+00,1.681490578045890194e+00,-1.347822926356340822e+00,-1.524244268560309257e+00,9.430018924281580173e-02
1.412293780929285480e+00,-1.680881472643360075e+00,1.664525672375608334e+00,-1.368850621789761135e+00,-1.506879653560605936e+00,1.142480444123084166e-01
1.398286444502063963e+00,-1.657067620985669620e+00,1.644692436174794548e+00,-1.391639003929294516e+00,-1.487524707521800771e+00,1.362477128524056391e-01
1.384187204858597919e+00,-1.630968053273743834e+00,1.623862047956636356e+00,-1.415595454409266152e+00,-1.467379601467026840e+00,1.588481801472952926e-01
1.368965396603660123e+00,-1.602519002666114245e+00,1.601646032028498423e+00,-1.441084931422555337e+00,-1.444659624652692820e+00,1.836050471644994908e-01
1.354978653428283719e+00,-1.571140997699400854e+00,1.577617323353406320e+00,-1.467203124839340456e+00,-1.420400755659385172e+00,2.108264496697103418e-01
1.344176008677697931e+00,-1.537080074012136421e+00,1.552471820327563590e+00,-1.493478298949431071e+00,-1.394487582944335058e+00,2.398081287699795061e-01
1.335336043181006405e+00,-1.501675961375900092e+00,1.524793715683509188e+00,-1.519524754183077642e+00,-1.368962645624160368e+00,2.705761909010567234e-01
1.328208418210169217e+00,-1.466661952421122406e+00,1.496183031747033931e+00,-1.543244783621145810e+00,-1.344016003472030096e+00,3.036812581210122097e-01
1.321277678803153499e+00,-1.433426343302491635e+00,1.468250457027380440e+00,-1.564482063230666853e+00,-1.321342464156605612e+00,3.385921251003339294e-01
1.315056701420155072e+00,-1.402361294674974390e+00,1.442525270019236805e+00,-1.582934798025505740e+00,-1.300294333748579723e+00,3.752497134120730826e-01
1.309716612966022486e+00,-1.373776746400110049e+00,1.418926701949838609e+00,-1.598853605084379792e+00,-1.281327495320373266e+00,4.130045430058017497e-01
1.306036536405319914e+00,-1.347230231351313368e+00,1.398328857584637541e+00,-1.612833716160589681e+00,-1.264135453305450962e+00,4.509522677223971598e-01
1.304765790369721401e+00,-1.323105547444015428e+00,1.380735696837007032e+00,-1.624679206449192170e+00,-1.249018723556915011e+00,4.887176091926904165e-01
1.303010777671671949e+00,-1.301116758099735815e+00,1.366080011640665060e+00,-1.633921266394729344e+00,-1.236253101595292225e+00,5.263631234525899538e-01
1.303535679713260453e+00,-1.281508727553029692e+00,1.354166049656386317e+00,-1.641478360129017044e+00,-1.226038911918570840e+00,5.640962630986561255e-01
1.302405946125823277e+00,-1.264211614124657324e+00,1.344379484640572997e+00,-1.651192024300079497e+00,-1.217769087287278396e+00,6.022432308330689654e-01
1.302361045750075386e+00,-1.249691140325430494e+00,1.335146931742693610e+00,-1.661678331967017197e+00,-1.212479280862584829e+00,6.406541851873573945e-01
1.304116706799127501e+00,-1.237475763408911522e+00,1.325427888498210249e+00,-1.670963530130001651e+00,-1.209698867912235576e+00,6.791107075294608997e-01
1.307368812739726494e+00,-1.227157764827352393e+00,1.315158720737555020e+00,-1.679059785399718674e+00,-1.209274033965761053e+00,7.176729152094222242e-01
1.308481355985285477e+00,-1.218458072451478191e+00,1.306737185140895541e+00,-1.686094053752356547e+00,-1.210285612292154589e+00,7.561132501846140608e-01
1.307479905326930592e+00,-1.209209407145179327e+00,1.297684606356626968e+00,-1.692408029028217520e+00,-1.212850547365102560e+00,7.946414768929176420e-01
1.309002423575990059e+00,-1.200262184882214367e+00,1.288713357297596174e+00,-1.696735110594858709e+00,-1.217471606878546941e+00,8.330630342012446121e-01
1.312169556002034998e+00,-1.192427205070710983e+00,1.279611994435615019e+00,-1.698820075545653285e+00,-1.223986853417757370e+00,8.711768060999693919e-01
1.315899400236002048e+00,-1.187394219532622808e+00,1.270724088779902505e+00,-1.699887337775700002e+00,-1.233087549588750331e+00,9.086335052331139250e-01
1.317011474415964001e+00,-1.182464456494082494e+00,1.262643422367917490e+00,-1.698901076739694149e+00,-1.244634774324886006e+00,9.460494829549060958e-01
1.320625757853808313e+00,-1.176766191321778621e+00,1.253590406811015745e+00,-1.697449263654110752e+00,-1.258531455147850364e+00,9.840597128929048365e-01
1.324877374924115392e+00,-1.170806742735203132e+00,1.244215117623490130e+00,-1.693949142412401576e+00,-1.274787593253466245e+00,1.021816021780865391e+00
1.330358182679775236e+00,-1.166040927893556622e+00,1.235172513775934178e+00,-1.688445184308611680e+00,-1.293440334004496650e+00,1.059428449947414919e+00
1.335484496139336841e+00,-1.161039060830364900e+00,1.227130741160134653e+00,-1.682513058429375041e+00,-1.314279857095759452e+00,1.097540452384432097e+00
1.337832847918453583e+00,-1.157342891156624809e+00,1.218512859325643571e+00,-1.675370210056262410e+00,-1.335317240656999083e+00,1.136189490415328907e+00
1.341212688403728093e+00,-1.154325695232661708e+00,1.209546885279577877e+00,-1.667296604201817800e+00,-1.356763683004128529e+00,1.174604198886055162e+00
1.343279735593852831e+00,-1.150535503443129270e+00,1.200823498787712440e+00,-1.658677217440318596e+00,-1.378795669882258768e+00,1.213255524412393482e+00
1.346399160939570017e+00,-1.145569098338544034e+00,1.192275073726483337e+00,-1.649377746157005831e+00,-1.400423654339191915e+00,1.252067084553065923e+00
1.350894676275824935e+00,-1.142071026451189741e+00,1.184373744181073329e+00,-1.639666737233215210e+00,-1.422043037974615398e+00,1.290555106887418590e+00
1.354783903594595884e+00,-1.139828668571100767e+00,1.177026495461812816e+00,-1.627620231199329082e+00,-1.442860820363772500e+00,1.328591575375594358e+00
1.359225964594995339e+00,-1.138032174952779974e+00,1.170784808670621180e+00,-1.615455152053273169e+00,-1.463017840542800485e+00,1.366894025027925563e+00
1.361985816096676016e+00,-1.134328089861333710e+00,1.165146789312837106e+00,-1.603403947658399886e+00,-1.482401943364856312e+00,1.405091522798782133e+00
1.365719213300225165e+00,-1.131935322419149514e+00,1.159703336182174693e+00,-1.594047932276621893e+00,-1.500041236991456195e+00,1.443179316578694582e+00
1.367999559526511311e+00,-1.130941383430629665e+00,1.155973462874824609e+00,-1.587302198200011949e+00,-1.516268311644753286e+00,1.481050531095178702e+00
1.369648759059709064e+00,-1.130635714657881374e+00,1.153492521307232455e+00,-1.581716869072718801e+00,-1.530921363369743826e+00,1.519223391603613749e+00
1.370774208561930774e+00,-1.130404207330558020e+00,1.153306850284945062e+00,-1.579138558824828342e+00,-1.544181301092166780e+00,1.557463753444225496e+00
1.371722564259851174e+00,-1.130410573076586100e+00,1.154102697953632850e+00,-1.578580377608104657e+00,-1.555616866030959944e+00,1.596149602729489470e+00
1.372800408643139569e+00,-1.131176611485046779e+00,1.154646015618536303e+00,-1.580047066646219411e+00,-1.566205619037458030e+00,1.634957121543557879e+00
1.372081514637331523e+00,-1.132140933511345704e+00,1.157275367408488798e+00,-1.583982773405090860e+00,-1.577004340611844135e+00,1.673601783046019031e+00
1.368829543585238895e+00,-1.132663861624751966e+00,1.163128663141879349e+00,-1.588967486110496097e+00,-1.590154030000038521e+00,1.711288626677602398e+00
1.363245593672247402e+00,-1.132624019158252837e+00,1.172850919066394937e+00,-1.595660364437703427e+00,-1.605568267385174108e+00,1.748879051928301065e+00
1.355263877335034284e+00,-1.131810177516717975e+00,1.185757649481779197e+00,-1.605083384950041880e+00,-1.622913014436234702e+00,1.786899963941827707e+00
1.344579940697173903e+00,-1.130526279923198540e+00,1.200917970795087664e+00,-1.616757390460508814e+00,-1.641907517915393466e+00,1.825427546482677688e+00
1.331241925195723041e+00,-1.128206418115844878e+00,1.218855445213359978e+00,-1.632005143075802023e+00,-1.662573046746112615e+00,1.863947163957893505e+00
1.315591605889906868e+00,-1.125441656653076272e+00,1.239913077861380941e+00,-1.650467639405919895e+00,-1.685517331200050872e+00,1.902065618956779725e+00
1.298016644556726051e+00,-1.121364815084370248e+00,1.261774912254517211e+00,-1.672135033615030242e+00,-1.710107111658834445e+00,1.940319929794658504e+00
1.278707597012442410e+00,-1.117126726312269058e+00,1.282930903187304850e+00,-1.697603445329486815e+00,-1.735748037728607862e+00,1.978255543223752744e+00
1.257691149711937406e+00,-1.111984747091320003e+00,1.303870968770413308e+00,-1.725894566167560651e+00,-1.762509297091755744e+00,2.016335350885224198e+00
1.234962675432845769e+00,-1.105593012345563286e+00,1.324621530410403869e+00,-1.756534661864466607e+00,-1.789945382117291706e+00,2.054561775240293819e+00
1.212115059677366657e+00,-1.098181001975421900e+00,1.342738843157570638e+00,-1.789851078396756723e+00,-1.818415715458412629e+00,2.092508128112875454e+00
1.189780907863653869e+00,-1.089298331384065621e+00,1.358027316697003384e+00,-1.825635606676685674e+00,-1.846923760805149417e+00,2.130389905973021580e+00
1.168596261360886901e+00,-1.078995130914310874e+00,1.370328251958152110e+00,-1.863450167494330456e+00,-1.875281947722137854e+00,2.169257146247111745e+00
1.149767894662825585e+00,-1.068167047480928389e+00,1.379892171865218620e+00,-1.902853490427834915e+00,-1.904124721376680096e+00,2.207822627887970235e+00
1.133767022010430114e+00,-1.056323973679949457e+00,1.386603388838434814e+00,-1.942379204047456120e+00,-1.932481105996860515e+00,2.245704229338018276e+00
1.120921259339805021e+00,-1.042935543124467568e+00,1.391130591268474603e+00,-1.982590188001898124e+00,-1.959190321521546929e+00,2.283700710061070005e+00
1.110274491930267171e+00,-1.028909774998001403e+00,1.394647589396965426e+00,-2.023522632299239010e+00,-1.986332102433142843e+00,2.321985918325736975e+00
1.100563678269900647e+00,-1.014915903224389737e+00,1.397681006655491887e+00,-2.064516384358845436e+00,-2.010299467910271254e+00,2.360625012663680522e+00
1.089983637965885155e+00,-1.002001120550517044e+00,1.400731397696191260e+00,-2.106039992439553199e+00,-2.030412329536954719e+00,2.399704908695322825e+00
1.079773266780600371e+00,-9.897582543121711263e-01,1.404096981327541460e+00,-2.148274007650382789e+00,-2.046882612345371832e+00,2.438495572242173726e+00
1.071910321467235860e+00,-9.774866283780218046e-01,1.408237509771737006e+00,-2.191126287291323305e+00,-2.059253821279637631e+00,2.477284933915098186e+00
1.063751990011463811e+00,-9.671705401120219703e-01,1.413812055722585947e+00,-2.234527993182858996e+00,-2.067777698026298072e+00,2.515991349166985191e+00
1.057539223212404789e+00,-9.572882974073194662e-01,1.420120523961057701e+00,-2.277877939377894734e+00,-2.073468238325723689e+00,2.554557922085674004e+00
1.052635408598964428e+00,-9.482218611118606866e-01,1.426994236345628719e+00,-2.321566772942328605e+00,-2.076032121634784122e+00,2.592780608373498108e+00
1.048228594200255159e+00,-9.386310755519400306e-01,1.433906275180334866e+00,-2.365413391655053932e+00,-2.076878028389653963e+00,2.630875309312103560e+00
1.044219677590364270e+00,-9.302898405429530504e-01,1.440469692381388445e+00,-2.409592072644213268e+00,-2.076302526791505176e+00,2.669137074211201277e+00
1.041655860968764058e+00,-9.205596716991244488e-01,1.445640656159648874e+00,-2.453727811472949050e+00,-2.074541234026640701e+00,2.707123333972254464e+00
1.038700921396894516e+00,-9.117486506964660453e-01,1.450668271231342565e+00,-2.498009732763048163e+00,-2.073103357284709958e+00,2.745128660201470616e+00
1.036457366646438283e+00,-9.029835413092919261e-01,1.453901433800649068e+00,-2.542254864307451623e+00,-2.072055492625135997e+00,2.782842132566536897e+00
1.035365547578709355e+00,-8.945639562448466364e-01,1.455759579555080396e+00,-2.586532843467476805e+00,-2.071486754479293424e+00,2.819964181327472730e+00
1.034835882318020595e+00,-8.846265604462456578e-01,1.456533677779931590e+00,-2.630997030254883295e+00,-2.071851512253884309e+00,2.856697809885800243e+00
1.035722791830284484e+00,-8.757037155242493043e-01,1.456735223969936932e+00,-2.675566615233824219e+00,-2.073871044103740680e+00,2.893025332501520275e+00
1.036714488634885800e+00,-8.654820980882140802e-01,1.456738723612582165e+00,-2.720157718290505233e+00,-2.076941932583248551e+00,2.928808944311402485e+00
1.037667991377434040e+00,-8.558445164463075461e-01,1.456059883992438797e+00,-2.764600973580340515e+00,-2.081412856933704258e+00,2.963960837253196257e+00
1.038358015435422166e+00,-8.450832672622291541e-01,1.454416800905226070e+00,-2.808458916406772587e+00,-2.087352636218711588e+00,2.998421433645521716e+00
1.039217358984875661e+00,-8.342084853386528831e-01,1.452275905778662279e+00,-2.851568906845879159e+00,-2.095080342480056590e+00,3.032223702920561870e+00
1.040112334325754784e+00,-8.227702022686532723e-01,1.448979254705293540e+00,-2.894442793458679830e+00,-2.104906217717986028e+00,3.064909686614861961e+00
1.042099366654357429e+00,-8.113301174156154483e-01,1.445551999033016566e+00,-2.937090162992860520e+00,-2.116731546466623204e+00,3.096877468498559161e+00
1.043948202278705883e+00,-8.007919071902557251e-01,1.441604494671657521e+00,-2.979324446703925044e+00,-2.130488462745593559e+00,3.127761280269369504e+00
1.045267207132249521e+00,-7.895000067923104714e-01,1.436341840145762161e+00,-3.020800310445041159e+00,-2.146229060370941077e+00,3.157664246517304374e+00
1.047140598237640052e+00,-7.776054214786788377e-01,1.431228375758823779e+00,-3.061466815143394804e+00,-2.164091612434901446e+00,3.186576220147078420e+00
1.049912205105913765e+00,-7.655460152631149429e-01,1.424418401559729208e+00,-3.101558527619244998e+00,-2.183838066738577055e+00,3.214509701029612199e+00
1.052204218491944676e+00,-7.527268619107099212e-01,1.415657008905305991e+00,-3.140884087329316010e+00,-2.205730139117652033e+00,3.241431505679337022e+00
1.054331322420288597e+00,-7.399954499495100535e-01,1.407261053100051340e+00,-3.179517823664890219e+00,-2.229406049732528317e+00,3.265770945831467653e+00
1.056849905081732377e+00,-7.270084532198473060e-01,1.398122821936328197e+00,-3.217519849820484890e+00,-2.254244799706527580e+00,3.286566280223578218e+00
1.059343374301053853e+00,-7.142022845585327406e-01,1.388318459357981149e+00,-3.255010161147898984e+00,-2.277630574728222612e+00,3.303952121984790491e+00
1.062168645127139488e+00,-7.012879587101793488e-01,1.377726120600500259e+00,-3.291793350969329790e+00,-2.301130426535809459e+00,3.317756772875851468e+00
1.065328885583872509e+00,-6.879629615289625244e-01,1.366887715161374528e+00,-3.327614758196278277e+00,-2.322839271620053658e+00,3.327242988381062361e+00
1.067965260144129847e+00,-6.758690547136058102e-01,1.354859464384096768e+00,-3.362536185459845228e+00,-2.342776007513325265e+00,3.333816405706939268e+00
1.070372594836953573e+00,-6.633505958945820069e-01,1.342783267845551354e+00,-3.396348998352392012e+00,-2.360223874219948392e+00,3.336806447719395052e+00
1.072675781685000107e+00,-6.513502203393982670e-01,1.331174498954865060e+00,-3.429189746857372434e+00,-2.374072420859096866e+00,3.336788107688501981e+00
1.074620791074678561e+00,-6.399521077251917323e-01,1.320700609015228677e+00,-3.461159432067985708e+00,-2.384281939849161702e+00,3.333783506615904280e+00
1.075524224504273096e+00,-6.292844793613068255e-01,1.309522161464145462e+00,-3.492268848831771244e+00,-2.390624727364591084e+00,3.327655524872794146e+00
1.075649573619735566e+00,-6.201168976740799588e-01,1.299024930349085727e+00,-3.522876501865613630e+00,-2.393646506114128325e+00,3.318320660133454059e+00
1.075612140819723450e+00,-6.122331068191213532e-01,1.289744610498032129e+00,-3.552507252415017636e+00,-2.393382120649545364e+00,3.306690587057504072e+00
1.075669284648201884e+00,-6.036556767670038237e-01,1.281471731467247910e+00,-3.581165518036129480e+00,-2.390929969991667292e+00,3.293370131580839910e+00
1.075658793406380376e+00,-5.965186635821342342e-01,1.275571147483454570e+00,-3.609048059571173805e+00,-2.385831734812560168e+00,3.278910565132914456e+00
1.075168683770101108e+00,-5.894562081908498730e-01,1.268898923975702697e+00,-3.636169393723565513e+00,-2.379541193343381877e+00,3.263874529572637240e+00
1.074898822831952261e+00,-5.829533580130447090e-01,1.262008331362265645e+00,-3.662545690808389320e+00,-2.373327493478158523e+00,3.248308654379647109e+00
1.074448786598449113e+00,-5.765322733559142820e-01,1.254947495183416084e+00,-3.688100240949693021e+00,-2.366696480498024613e+00,3.231328165732840318e+00
1.073997159266040669e+00,-5.700382752801524955e-01,1.247211708435876920e+00,-3.712964030532240667e+00,-2.360121098458314304e+00,3.213815288935765846e+00
1.073460939473552589e+00,-5.632888193733239790e-01,1.237968309255555344e+00,-3.737369046108181436e+00,-2.354741724038512452e+00,3.196336655722373798e+00
1.073158117248113941e+00,-5.561901610155031150e-01,1.228528367970740165e+00,-3.761063340264306110e+00,-2.348994415597718266e+00,3.178467963742976465e+00
1.072576511218235051e+00,-5.485457568788065785e-01,1.218946303813419174e+00,-3.783929245831529897e+00,-2.344114959468583059e+00,3.159527032282075876e+00
1.071774914197881623e+00,-5.408540356602582477e-01,1.208460424567436631e+00,-3.806440530717592807e+00,-2.340361430820181443e+00,3.140188662064775205e+00
1.071414342404484410e+00,-5.333031889291678374e-01,1.197386250502942229e+00,-3.828222712807344497e+00,-2.337828467516619213e+00,3.120295810111787471e+00
1.071544360456317069e+00,-5.256591846463842810e-01,1.185157401874694427e+00,-3.849121003604849989e+00,-2.336950227159434679e+00,3.099455903339353391e+00
1.071585889437456363e+00,-5.167144638635329246e-01,1.171914832222628267e+00,-3.869395849534730925e+00,-2.337528896795213917e+00,3.079256534430579340e+00
1.071991837990049490e+00,-5.078058319730066605e-01,1.158456334966888823e+00,-3.888806062854811341e+00,-2.339467015335131794e+00,3.059284758129521720e+00
1.072709436336355848e+00,-4.988683826409930910e-01,1.144735394429887698e+00,-3.907821843377246918e+00,-2.343353455758262260e+00,3.039524651957897561e+00
1.073068005799084013e+00,-4.904320640442954571e-01,1.130359796623711777e+00,-3.926136926142346439e+00,-2.347803577002256947e+00,3.020546248815231927e+00
1.073877678623060161e+00,-4.821906444316718110e-01,1.115731473249501615e+00,-3.943627884803280192e+00,-2.353792859272945126e+00,3.001690542599114053e+00
1.074512096590906962e+00,-4.735943388725675218e-01,1.101735291465292699e+00,-3.960352753352981647e+00,-2.361475535797279868e+00,2.983069768399366328e+00
1.075223581151701691e+00,-4.649956176942900976e-01,1.087121031630427170e+00,-3.976287075532195736e+00,-2.370311242926812501e+00,2.965168975713150523e+00
1.076122583615480188e+00,-4.568888356961830488e-01,1.071925980494084385e+00,-3.991793284323663649e+00,-2.380614994825546393e+00,2.948506039788898470e+00
1.076954248864235852e+00,-4.484381513420847010e-01,1.056076103675208877e+00,-4.006891245561446269e+00,-2.392990920673660593e+00,2.932501057557392432e+00
1.077610789158649940e+00,-4.392750636972787559e-01,1.039806180891671428e+00,-4.021434138387600221e+00,-2.406213193159821628e+00,2.917330158163546017e+00
1.078537846217655138e+00,-4.308943039150302523e-01,1.023439829057127382e+00,-4.035473658034711697e+00,-2.420746712002310730e+00,2.902468800059755605e+00
1.080178737594078342e+00,-4.223544597188055305e-01,1.007359442698609886e+00,-4.048804885093192141e+00,-2.437512649475740645e+00,2.887716195613610370e+00
1.081374427767181512e+00,-4.131929122325522230e-01,9.910908570935783590e-01,-4.061960103098665620e+00,-2.456404345215370544e+00,2.872905396337677164e+00
1.082559023241843166e+00,-4.046470959610521945e-01,9.742558685876394620e-01,-4.074503288726043060e+00,-2.477191317040631002e+00,2.858340197470819799e+00
1.084204687252932287e+00,-3.979601312417670456e-01,9.574081146898064665e-01,-4.086561653184931586e+00,-2.499655494178824711e+00,2.843731876023352534e+00
1.086505709917199525e+00,-3.902195162773540171e-01,9.401952958094008661e-01,-4.097960806230415365e+00,-2.523710290944458645e+00,2.828534613417006849e+00
1.088601426429112173e+00,-3.821084349407675163e-01,9.228062985078906433e-01,-4.109175010042925180e+00,-2.546622662861447228e+00,2.813185233308062916e+00
1.090093303857934126e+00,-3.743727646206542747e-01,9.055750120692734884e-01,-4.119883569565197412e+00,-2.570981580739151617e+00,2.797355476013346998e+00
1.091542265664817046e+00,-3.668273814148123591e-01,8.880945936781643457e-01,-4.130366963986461748e+00,-2.594061192467037369e+00,2.780620640887841777e+00
1.092827173477415759e+00,-3.604826509719591954e-01,8.701227949748662205e-01,-4.140497484146377083e+00,-2.616460653673131631e+00,2.763180328615689518e+00
1.093990713903089551e+00,-3.528766331285652091e-01,8.522080442767158148e-01,-4.149829799965412569e+00,-2.640550160394094181e+00,2.744001304789735585e+00
1.095833296676834490e+00,-3.460970852650661067e-01,8.340884813350273319e-01,-4.158765535319776774e+00,-2.666644261025018281e+00,2.722748172766494612e+00
1.097125379404017220e+00,-3.394629873218153460e-01,8.167514770052723971e-01,-4.167407934352803878e+00,-2.694673950986594235e+00,2.698364870353096912e+00
1.099257650796411356e+00,-3.333404862944654434e-01,7.990696711366928051e-01,-4.175222017011367193e+00,-2.724282519120563517e+00,2.671285178486295653e+00
1.101257278758000391e+00,-3.267546564910561169e-01,7.812343681638987958e-01,-4.182359512474855379e+00,-2.755351015410513860e+00,2.641710013260105239e+00
1.103061006684744161e+00,-3.206322090661481994e-01,7.631998539740680876e-01,-4.188682146667920492e+00,-2.787656452010383923e+00,2.609776460537226228e+00
1.105312725986506539e+00,-3.155152051464190088e-01,7.453151915172194775e-01,-4.193862112331697034e+00,-2.820782126493207809e+00,2.576634950690211756e+00
1.106683700153630490e+00,-3.100731135935040905e-01,7.274200700178052870e-01,-4.198529753620085181e+00,-2.854685372776107677e+00,2.541890271170378579e+00
1.108154587621142051e+00,-3.048042643894698367e-01,7.094291486981231243e-01,-4.202686243022906609e+00,-2.888552632035711110e+00,2.506865003441015816e+00
1.109241494408571782e+00,-2.990730090477591308e-01,6.942982902308855175e-01,-4.189372278992173904e+00,-2.895276397976529914e+00,2.486350485808456412e+00
1.109968887104534341e+00,-2.924953099293750580e-01,6.813164925531213223e-01,-4.170990881382424575e+00,-2.890872340799542251e+00,2.470665564202298992e+00
1.110379697215409189e+00,-2.871352463563227597e-01,6.677938621782062434e-01,-4.153907964328523938e+00,-2.888219871067184474e+00,2.454599291719609777e+00
1.110683904760981555e+00,-2.812967758968017429e-01,6.547677681542449779e-01,-4.137827786456324652e+00,-2.887456875758946495e+00,2.437006825065154203e+00
1.111326970347760845e+00,-2.758222448878016597e-01,6.424129642950824337e-01,-4.122717810616311596e+00,-2.888286462729638071e+00,2.418572592450163761e+00
1.111194242878110749e+00,-2.697645771554568195e-01,6.296691009019770302e-01,-4.108710491089016870e+00,-2.890866414686753760e+00,2.400688940744135635e+00
1.111868995890659351e+00,-2.643306219804165136e-01,6.164892972128831472e-01,-4.096133550865281414e+00,-2.895068710714802318e+00,2.383113399627921680e+00
1.112612254163379388e+00,-2.594356179886321834e-01,6.049544175535814805e-01,-4.084781082002001185e+00,-2.901141043131605812e+00,2.366753028470724107e+00
1.112807806835136581e+00,-2.537452424534130668e-01,5.927785801117819720e-01,-4.074301611648883714e+00,-2.908752537578944697e+00,2.351202474789808150e+00
1.112268441255993112e+00,-2.483559800840185461e-01,5.801810246223346734e-01,-4.064828287391966555e+00,-2.918135659000590465e+00,2.337069010655763002e+00
1.111951925714323552e+00,-2.436542167127691005e-01,5.674787697576634260e-01,-4.056010069202954149e+00,-2.929108803537185945e+00,2.324497131836072317e+00
1.111957252471420743e+00,-2.387428333660708557e-01,5.553760494489601296e-01,-4.048073476948649052e+00,-2.942367168910516195e+00,2.313210126627791130e+00
1.112366898440587004e+00,-2.328789481918447091e-01,5.426795558128469921e-01,-4.041166720400427792e+00,-2.957777049727175811e+00,2.304318322487947324e+00
1.112962553623026318e+00,-2.275932243886867046e-01,5.289876909373261160e-01,-4.034912421526314574e+00,-2.975181792754750365e+00,2.297263910683556620e+00
1.113162731618891677e+00,-2.231910145364751352e-01,5.151997695636714170e-01,-4.029674094456959565e+00,-2.994278724282080528e+00,2.292753660724087261e+00
1.113072065032876035e+00,-2.180895751912815816e-01,5.017157699390607517e-01,-4.025155012471194560e+00,-3.014779525110078406e+00,2.289886328662808612e+00
1.113057721396361277e+00,-2.135153131990509545e-01,4.883055414263492433e-01,-4.021113235583113621e+00,-3.036793541947479635e+00,2.288336465934274422e+00
1.113059857734290725e+00,-2.087185096075060697e-01,4.766341892279053472e-01,-4.008483916835843708e+00,-3.045255597334182607e+00,2.290279802925693886e+00
1.112982169438637481e+00,-2.039650628942764332e-01,4.655275159674470697e-01,-3.993558298659908967e+00,-3.048149631641343227e+00,2.294477389014914159e+00
1.113278988314984286e+00,-1.990240073518285413e-01,4.535698309165414610e-01,-3.979908168750508679e+00,-3.052807485103850915e+00,2.301133818062021774e+00
1.113536227083417041e+00,-1.941513874162703879e-01,4.413771502403041613e-01,-3.967627507772133910e+00,-3.060011520443567168e+00,2.310192161568958458e+00
1.114000450524762043e+00,-1.886581602150024517e-01,4.295806370655809170e-01,-3.956592660239113268e+00,-3.069391806281212443e+00,2.320995171710619864e+00
1.113884678490348223e+00,-1.828828897271547183e-01,4.171121951055103416e-01,-3.946569850852047256e+00,-3.080882578347157619e+00,2.333693443366783526e+00
1.113759034937587655e+00,-1.771560205956304312e-01,4.047362516001359323e-01,-3.937541636021394176e+00,-3.093925454090981741e+00,2.346881576817632098e+00
1.113885973077892499e+00,-1.712622119592408232e-01,3.927361184732126587e-01,-3.929546445814442013e+00,-3.108684493296362650e+00,2.360382483374606544e+00
1.114215586197284891e+00,-1.658435371192464869e-01,3.813476103871495382e-01,-3.918583242004981759e+00,-3.119475990219031214e+00,2.374146669379961772e+00
1.114479621210226590e+00,-1.602412569203792159e-01,3.692302451239086181e-01,-3.906357110714492098e+00,-3.129005767662405457e+00,2.387689119005709237e+00
1.114508167873899502e+00,-1.552625736053224181e-01,3.560054027716708647e-01,-3.894358311782896376e+00,-3.138823747346681348e+00,2.401232956984647782e+00
1.114520355911869043e+00,-1.492786116332835700e-01,3.430000065942154786e-01,-3.882712173797577382e+00,-3.148826672865506993e+00,2.414593913676875037e+00
1.114942708074685207e+00,-1.426187407255117556e-01,3.295896608696392005e-01,-3.872008956765769838e+00,-3.159483005224700047e+00,2.428833438426192703e+00
1.115023918109152801e+00,-1.364370163892432708e-01,3.164547740930732656e-01,-3.862572031118479465e+00,-3.170637874079910823e+00,2.443576823511702134e+00
1.114379847807705604e+00,-1.306412338869476775e-01,3.030399750588328445e-01,-3.854344092318485071e+00,-3.182680554235610693e+00,2.458727918776616672e+00
1.113220665238222828e+00,-1.254210308598333046e-01,2.905554466006140535e-01,-3.844902005986357008e+00,-3.192274777728239865e+00,2.473770182694942754e+00
1.112537990017649969e+00,-1.200707439809854671e-01,2.777191389855533377e-01,-3.835192162489117873e+00,-3.199403001645195754e+00,2.488286857159293319e+00
1.112248084335755172e+00,-1.152974722964148907e-01,2.661114913781092439e-01,-3.826482580528106414e+00,-3.205311686154560746e+00,2.502252825830564298e+00
1.112511905895733122e+00,-1.098613066341129069e-01,2.537862150617123391e-01,-3.818969989444912283e+00,-3.210314900325076604e+00,2.516962435498643291e+00
1.112549784725726187e+00,-1.037070257949815610e-01,2.419694069908637224e-01,-3.812828998334997888e+00,-3.212876377748990375e+00,2.531883814037243052e+00
1.111887459389451660e+00,-9.786029027519076162e-02,2.293658220599210373e-01,-3.807646920939441237e+00,-3.212910036006345837e+00,2.546150215420171836e+00
1.111629258849513135e+00,-9.175692399892756979e-02,2.159259564525128072e-01,-3.803526342970076968e+00,-3.211211840922034710e+00,2.559817535948303302e+00
1.111853080324254339e+00,-8.603147602881902611e-02,2.021283646792375877e-01,-3.800235109685367707e+00,-3.208717709017361308e+00,2.573309184510708558e+00
1.112674024095486214e+00,-8.054563128912944903e-02,1.893122017322591277e-01,-3.797768153784047307e+00,-3.204873642089207220e+00,2.586738251651222509e+00
1.112679873591114532e+00,-7.441856774862394552e-02,1.772107939215599448e-01,-3.796090506142557164e+00,-3.200654719224830913e+00,2.599237086556273280e+00
1.112825487656431411e+00,-7.003204645412802742e-02,1.651768531948921148e-01,-3.795071695833124537e+00,-3.195822868459567978e+00,2.611517668833482908e+00
1.113232815818987254e+00,-6.417396819786259921e-02,1.538084378477290737e-01,-3.794924060004368549e+00,-3.190510941189403038e+00,2.622704524771677814e+00
1.113185670666478222e+00,-5.829952476293978614e-02,1.427640806512845972e-01,-3.795749282103698441e+00,-3.184537175692927491e+00,2.632747195849949318e+00
1.112363792453682443e+00,-5.322965788928948200e-02,1.327524493545213513e-01,-3.797299400894584842e+00,-3.178168819758592001e+00,2.641791366487539428e+00
1.111280778998578800e+00,-4.908490351909361449e-02,1.230101129113511799e-01,-3.799444806623829773e+00,-3.172072982222464255e+00,2.649817568846140059e+00
1.111565392624688231e+00,-4.448363256926572695e-02,1.137039594185023927e-01,-3.802011920534110523e+00,-3.166012156354477192e+00,2.656615731726821306e+00
1.111720239191813953e+00,-4.036502224372738590e-02,1.047724749429660429e-01,-3.805159209503261586e+00,-3.160441408878785996e+00,2.661935234278085538e+00
1.111324883129943153e+00,-3.703374775645303096e-02,9.634386940404474076e-02,-3.808485629851016352e+00,-3.155316390048280795e+00,2.665317156238692586e+00
1.112074484539214980e+00,-3.416083918038904932e-02,8.855304138449299201e-02,-3.812162875987951782e+00,-3.150338407889998305e+00,2.666490829692848230e+00
1.112371875693494827e+00,-3.026851635704885107e-02,8.108215758341237589e-02,-3.816398377194535563e+00,-3.146128027075079103e+00,2.665906434902268085e+00
1.113408150913855810e+00,-2.609283519561671899e-02,7.277170213691336320e-02,-3.820974953247526340e+00,-3.141543420317724156e+00,2.663640026704524821e+00
1.113321079388182477e+00,-2.294778035007703776e-02,6.456752642374084805e-02,-3.825794766599766028e+00,-3.137474529696697267e+00,2.659315415366473534e+00
1.113361541264896726e+00,-1.940848770174945226e-02,5.687769812270043746e-02,-3.830945543368213357e+00,-3.133754810124698142e+00,2.653517869519633976e+00
1.113409697650875607e+00,-1.608405309778578735e-02,4.953976177816539483e-02,-3.836306976109081557e+00,-3.131133796582182161e+00,2.645553379571950359e+00
1.113208827882258500e+00,-1.292289291476831671e-02,4.271394030403513620e-02,-3.841658821007145175e+00,-3.129041870328045594e+00,2.635265088196913741e+00
1.112766445720445807e+00,-1.037109705336874445e-02,3.721518421104483276e-02,-3.847190576304862830e+00,-3.127658186422244579e+00,2.623328372688372934e+00
1.112238467996335967e+00,-8.925370086805283626e-03,3.277476356354019904e-02,-3.852760818170752000e+00,-3.126955719300577918e+00,2.609280312809844737e+00
1.111684335881288899e+00,-7.477064082198611912e-03,2.923966831443277486e-02,-3.858489128394384959e+00,-3.127366007347676113e+00,2.593564907678922893e+00
1.111906205188805563e+00,-6.247867099474124081e-03,2.689082944773489928e-02,-3.864285927381754249e+00,-3.128861526805875926e+00,2.575977617956766164e+00
1.112488799751600421e+00,-6.737671740312578365e-03,2.551599866399832314e-02,-3.870087029329850825e+00,-3.132537110095960031e+00,2.557502883515032188e+00
1.111873823537267159e+00,-7.641909717809285650e-03,2.510119138736940231e-02,-3.875941082868719079e+00,-3.137762601722939415e+00,2.537411219599999601e+00
1.111250854234789864e+00,-8.243654146377387207e-03,2.526938655247780094e-02,-3.881689837894281681e+00,-3.144759888111149593e+00,2.515812766135240519e+00
1.111339962929100311e+00,-9.120900871060480183e-03,2.630647645221627015e-02,-3.887365909289086652e+00,-3.153556068650658073e+00,2.493145655589395382e+00
1.110835580443597204e+00,-9.412933245109130972e-03,2.789424626203606400e-02,-3.885799145125385934e+00,-3.152580637863553026e+00,2.474973553798355486e+00
1.111297563663307120e+00,-1.096607840540743568e-02,3.034090024091294288e-02,-3.881923428222318950e+00,-3.149072188992369181e+00,2.457607786881621514e+00
1.111554521442271515e+00,-1.103927003694280505e-02,3.288224590521060531e-02,-3.878749058968951946e+00,-3.148316580923518959e+00,2.439630870313263422e+00
1.111768565850530743e+00,-1.170079053807742547e-02,3.550046385707050084e-02,-3.876124674880342180e+00,-3.149490288546479722e+00,2.422814307716142146e+00
1.112061092159793319e+00,-1.351923149435310320e-02,3.895132186367146476e-02,-3.874298863426443695e+00,-3.152509002192176890e+00,2.405100050022456415e+00
1.112244325954134583e+00,-1.612448199190698664e-02,4.290796095590664744e-02,-3.873052900322294434e+00,-3.157878998824322991e+00,2.389488070416204035e+00
1.112582973017115506e+00,-1.746428630096162962e-02,4.636956546641556043e-02,-3.872289484423712125e+00,-3.164859743614510279e+00,2.373495146651511956e+00
1.112512322310451607e+00,-1.973089952358604918e-02,5.038241944334768269e-02,-3.867698635793278328e+00,-3.166845144410194379e+00,2.359275544722486906e+00
1.112366554615507708e+00,-2.128401508001713516e-02,5.343760332200266083e-02,-3.861913715568057182e+00,-3.167785460094149297e+00,2.346911923499582997e+00
1.112193526026190815e+00,-2.294790824137370178e-02,5.695123851203381243e-02,-3.856992797516291649e+00,-3.171137622955042978e+00,2.336569874073045394e+00
1.111725643821270149e+00,-2.437231200816604437e-02,5.974600125042543730e-02,-3.852950048949475459e+00,-3.176298944234203780e+00,2.327713351797949581e+00
1.111420204147530955e+00,-2.548340549323191082e-02,6.249435143594535280e-02,-3.849814148868543562e+00,-3.182878560922089761e+00,2.319536633300160133e+00
1.111101100279110243e+00,-2.606825416614336893e-02,6.479656778776292370e-02,-3.847645704697371105e+00,-3.190610840845395479e+00,2.312015525563603013e+00
1.110844302792357130e+00,-2.720839023864395079e-02,6.662880011598754093e-02,-3.842992169554761972e+00,-3.194350761767878133e+00,2.308081660415240322e+00
1.110559637038220027e+00,-2.783809121114151977e-02,6.810100734138339884e-02,-3.837888511293844118e+00,-3.196536753403785180e+00,2.306206509067207033e+00
1.110578775846088329e+00,-2.817296802162522901e-02,6.770843213437828523e-02,-3.833840111424632546e+00,-3.200048733577608662e+00,2.304936760462185763e+00
1.110358761518921655e+00,-2.778216171410564234e-02,6.656071390940900001e-02,-3.830628675660844529e+00,-3.205044385894468828e+00,2.301459724969229015e+00
1.109837801936776280e+00,-2.772562665527187817e-02,6.473695377968850806e-02,-3.828112724690654556e+00,-3.211315711481284474e+00,2.297774177802329731e+00
1.109453834007270157e+00,-2.669372431296910403e-02,6.260693898055527673e-02,-3.823568658892243732e+00,-3.214883375379705033e+00,2.294055292760359688e+00
1.109460905553029120e+00,-2.591092830583809417e-02,5.949201464585949367e-02,-3.818718513759908006e+00,-3.217540847443818297e+00,2.289920706034323405e+00
1.108710273939341739e+00,-2.371849805295446131e-02,5.605617365454552969e-02,-3.814792329622859413e+00,-3.221359363313020197e+00,2.288177351246966751e+00
1.108378752173481141e+00,-2.191183104204513094e-02,5.170084105587497564e-02,-3.811678423596188914e+00,-3.226069496102874190e+00,2.284261585749628676e+00
1.108770985553197974e+00,-2.036412099516861710e-02,4.694854492218993036e-02,-3.809530300310409512e+00,-3.231795832328774321e+00,2.279187023431129333e+00
1.109017008044194119e+00,-1.806138046678465794e-02,4.238924447181905558e-02,-3.805813248746316546e+00,-3.234635015972681771e+00,2.274627956817556917e+00
1.109074308230908468e+00,-1.537433660223864323e-02,3.725119717437111455e-02,-3.801698327145328626e+00,-3.237268712029548023e+00,2.271748769156022529e+00
1.108659368909301390e+00,-1.307346176778582079e-02,3.126651359404985370e-02,-3.798414593327666289e+00,-3.240906733674890461e+00,2.267381646349477808e+00
1.109215839378002721e+00,-1.184564270413263759e-02,2.544950775030929355e-02,-3.795847911989481904e+00,-3.245242307941226922e+00,2.262825110799450368e+00
1.109531583331227367e+00,-9.962992283829415208e-03,2.035455765853269594e-02,-3.793975163561813968e+00,-3.250332962545614102e+00,2.257203508367756406e+00
1.109042977221903703e+00,-8.236693130711385952e-03,1.549746463421143930e-02,-3.790396151329292529e+00,-3.252845625183244493e+00,2.251622829239552370e+00
1.108537197087670956e+00,-6.402039013322220057e-03,1.183551841380243129e-02,-3.786788096778791246e+00,-3.254872691484917535e+00,2.247576520018210289e+00
1.108488914468298336e+00,-4.567422985309582857e-03,8.200403012027296032e-03,-3.783931241756901542e+00,-3.258018632012195770e+00,2.242392041460538277e+00
1.108104849048384910e+00,-3.490603599398550867e-03,4.441286762560434087e-03,-3.781840482454195573e+00,-3.262027291283460695e+00,2.239792669395183289e+00
1.107560201940933631e+00,-2.873562600276191679e-03,2.126770910657345588e-03,-3.780507670320925051e+00,-3.266778071053132670e+00,2.238200456905618196e+00
1.107914164889635567e+00,-1.811019758532560415e-03,9.295397136158075647e-04,-3.777645509018213943e+00,-3.269724812923366919e+00,2.237406064703864939e+00
1.107636646181714202e+00,-1.423741022854252197e-03,2.415627459535204863e-04,-3.774566337203086430e+00,-3.271860830841866186e+00,2.237180965526543996e+00
1.107641762716909950e+00,-1.181090921707912559e-03,-2.280382831193369627e-05,-3.772378184106457422e+00,-3.275134151159307727e+00,2.235895107024601813e+00
1.107566496613802354e+00,-1.168277851545759805e-03,7.001057368528859105e-04,-3.771153001532425719e+00,-3.279721229340054389e+00,2.236454841321880327e+00
1.108058319969746019e+00,-1.890611053398073230e-03,2.128492664414036867e-03,-3.768552093205619347e+00,-3.282636570381973762e+00,2.237425914864215049e+00
1.108527098681584055e+00,-2.714278182419168836e-03,3.795463414181510058e-03,-3.765600742387587019e+00,-3.285187649734681692e+00,2.240655312947651634e+00
1.108528092487360173e+00,-3.133880010517338215e-03,6.107797680610168797e-03,-3.763395799789709173e+00,-3.290108772561520567e+00,2.242459927540001896e+00
1.107543410281825347e+00,-3.643161647471373187e-03,8.776906530272968882e-03,-3.759545629840959080e+00,-3.294084796651708391e+00,2.243423457154753109e+00
1.107391803280673770e+00,-4.249780001333221605e-03,1.148260063194095695e-02,-3.755407070774667400e+00,-3.297224754966069593e+00,2.243470430346717670e+00
1.108281881808198088e+00,-6.400992267599285926e-03,1.462242844696149367e-02,-3.752052645659362806e+00,-3.301576749911794284e+00,2.244739523033173700e+00
1.108804712753316934e+00,-8.560524584070357962e-03,1.804872083756132312e-02,-3.749428414450931779e+00,-3.306900575274837273e+00,2.247972601548718696e+00
1.108510644951868906e+00,-1.072289047290299162e-02,2.150138581437043006e-02,-3.747567680190963646e+00,-3.313713315087261968e+00,2.253256722533843792e+00
1.109029933691475733e+00,-1.216132239291095943e-02,2.496436429744452318e-02,-3.744153990850639602e+00,-3.318249095249607983e+00,2.259375348832270092e+00
1.108582088651313136e+00,-1.306695193519128058e-02,2.783316428491656308e-02,-3.740487715760062670e+00,-3.321629569227850798e+00,2.264157364477426437e+00
1.108031439164115506e+00,-1.378253261256832431e-02,2.981909344982906079e-02,-3.736961078333698172e+00,-3.325046166980266449e+00,2.267088922419518315e+00
1.107928169073018054e+00,-1.425502684362933356e-02,3.170099925426304865e-02,-3.734118481790163813e+00,-3.329477639947659107e+00,2.269660111711650607e+00
1.107754932729736463e+00,-1.599019700265150168e-02,3.357416907140112899e-02,-3.732038326634682601e+00,-3.334656838321488070e+00,2.273150610310208375e+00
1.108458711800769381e+00,-1.685244013107714545e-02,3.546342383241097435e-02,-3.729007121069354724e+00,-3.338491523653910775e+00,2.276782497753207846e+00
1.108177719405634143e+00,-1.726722870141578214e-02,3.673872280773871069e-02,-3.726116615981190705e+00,-3.341580737566999471e+00,2.282632645861258691e+00
1.108515980815084623e+00,-1.678093237102062929e-02,3.593521667643547607e-02,-3.724038202173054923e+00,-3.345444013010540285e+00,2.286276560727429796e+00
1.109004778856975015e+00,-1.597354280707702009e-02,3.472085520202045777e-02,-3.721387654411423718e+00,-3.348600040973573222e+00,2.288184884335269675e+00
1.108968965630683368e+00,-1.508487633749057075e-02,3.241526629053030628e-02,-3.719104829630936582e+00,-3.352336461800703660e+00,2.291968448533465263e+00
1.108695066582723987e+00,-1.376761336340494649e-02,2.942004058718433734e-02,-3.717593137230728040e+00,-3.356989178022396381e+00,2.294126774040915695e+00
1.108490447481572438e+00,-1.135286444530709399e-02,2.537279604647804665e-02,-3.715696755561238351e+00,-3.359227813486947767e+00,2.295585855843944145e+00
1.108846018372991349e+00,-8.583144976780544486e-03,2.000058103869317358e-02,-3.713716341664934806e+00,-3.361026901255149024e+00,2.295510275634133013e+00
1.108125303285619978e+00,-5.985303947412583259e-03,1.382083178601969595e-02,-3.712306630717443934e+00,-3.362004336337008681e+00,2.294602821348148858e+00
1.108409398385348021e+00,-3.850034171199366757e-03,7.152630250759329199e-03,-3.711498922357043373e+00,-3.361336411914368938e+00,2.292028484267285560e+00
1.108444348048670092e+00,-9.693119833572702224e-04,1.302442918936939573e-04,-3.711211612823245964e+00,-3.359370290392674541e+00,2.288230145451453978e+00
1.108379741955042519e+00,1.550384025989235640e-03,-6.367296528569034615e-03,-3.711499729299938100e+00,-3.356392462441719182e+00,2.283334113820731925e+00
1.108396381404255893e+00,4.065508946824656668e-03,-1.283874916424209041e-02,-3.712470454859688296e+00,-3.351841565268660617e+00,2.280447924963496131e+00
1.108524065660276614e+00,6.856651319193605640e-03,-1.844982945767374358e-02,-3.714023233117862421e+00,-3.345558640057931132e+00,2.278839838465522405e+00
1.108694217849894859e+00,9.415040390187118247e-03,-2.332678657295679178e-02,-3.716148224228918107e+00,-3.337797822612598164e+00,2.277676385940435200e+00
1.108511413186235917e+00,1.123289199808974112e-02,-2.765101185097659439e-02,-3.718537685680924909e+00,-3.329806750012105354e+00,2.276382949508989118e+00
1.108018057446249482e+00,1.293888617991957070e-02,-3.119327800753494973e-02,-3.721343187967514066e+00,-3.320519465409957238e+00,2.274898021553621419e+00
1.108616923426215317e+00,1.464618822506975372e-02,-3.449857560901641029e-02,-3.724605207911801052e+00,-3.309951661233725861e+00,2.272560567798202147e+00
1.108180949458373865e+00,1.696277664625999923e-02,-3.776472218829405453e-02,-3.728027217625146328e+00,-3.298255537794157810e+00,2.271723034848905698e+00
1.108708498077941584e+00,1.938871698120218229e-02,-4.203324591599432586e-02,-3.731697859946317752e+00,-3.286819885062862490e+00,2.269833391908937514e+00
1.107849842279750474e+00,2.207556445953223409e-02,-4.633768702798785749e-02,-3.735607639526187018e+00,-3.276173695101733951e+00,2.268590526732424895e+00
1.107779877201462426e+00,2.398107838736459121e-02,-5.076339044826600616e-02,-3.739490649484665141e+00,-3.265187569841809356e+00,2.267436526214104742e+00
1.109423654185752728e+00,2.602711930018369174e-02,-5.469128281280626058e-02,-3.743501369007856461e+00,-3.255618865256598049e+00,2.265944480341209655e+00
1.109686232332266043e+00,2.829946476072153425e-02,-5.840700291277511891e-02,-3.747707267079949389e+00,-3.245293601195042843e+00,2.266971920445878030e+00
1.109538906819488302e+00,2.932477976236395195e-02,-6.139136968085859292e-02,-3.751947280259684714e+00,-3.235217550879504245e+00,2.266893331589409755e+00
1.110578618900731840e+00,3.055409052791586283e-02,-6.369638504042285376e-02,-3.756279976845562807e+00,-3.227881681322716467e+00,2.265132513309565443e+00
1.110909296665231638e+00,3.223106550619924543e-02,-6.551845557127133901e-02,-3.760723597591207223e+00,-3.221149888999995881e+00,2.262520148025529032e+00
1.110240010882062700e+00,3.341751027233530458e-02,-6.729705879185196582e-02,-3.765183759078730485e+00,-3.215067349227195947e+00,2.261683731379751094e+00
1.110741572688543233e+00,3.419724598058657139e-02,-6.833037773833959549e-02,-3.769537358122068582e+00,-3.209846224214631949e+00,2.259385898110401580e+00
1.110598123955474081e+00,3.492373432936608096e-02,-6.869435736166705497e-02,-3.773854580522820523e+00,-3.204616628173671877e+00,2.256396767362458533e+00
1.111695609747171298e+00,3.408410745767857103e-02,-6.830998242186711589e-02,-3.778063272319676091e+00,-3.202076001955620033e+00,2.252241022130616166e+00
1.111754656956952303e+00,3.264308804194827190e-02,-6.706546169292823545e-02,-3.782346406278904283e+00,-3.202004681805636466e+00,2.249168379917127591e+00
1.111590852674755769e+00,3.152580396872745744e-02,-6.556788000926101756e-02,-3.786510844548920840e+00,-3.202900710800881789e+00,2.246475302023176468e+00
1.112659154701630237e+00,3.007441162883387614e-02,-6.335949852517072656e-02,-3.790677834581483996e+00,-3.205893425293120824e+00,2.244315302181308702e+00
1.112311518583274372e+00,2.745989332833607272e-02,-6.055513819789676289e-02,-3.794912626443824433e+00,-3.211846099587663428e+00,2.243417971123022436e+00
1.112334521530186304e+00,2.548349811523619238e-02,-5.710299341345251301e-02,-3.799029136756674863e+00,-3.218517974169383233e+00,2.242340375086948168e+00
1.111930353606412236e+00,2.294969159026553560e-02,-5.318842407252315219e-02,-3.803021548257069728e+00,-3.226863625897047338e+00,2.240207885795788112e+00
1.112040714373053296e+00,2.066784009829212079e-02,-4.867751808334001146e-02,-3.806828918105947146e+00,-3.236604746153243894e+00,2.237094626055764479e+00
1.112140329470686417e+00,1.803741214419838160e-02,-4.437855642047906779e-02,-3.805566160466081982e+00,-3.239374564688985991e+00,2.236289581229025547e+00
1.111489585334283881e+00,1.661694970455478843e-02,-3.975667213116599458e-02,-3.802505714309863727e+00,-3.240274550597852965e+00,2.236655813541283955e+00
1.111838935863791455e+00,1.512312565280313909e-02,-3.593200746601318135e-02,-3.799590861252512664e+00,-3.242246625747191580e+00,2.235474503871873964e+00
1.112500907393791039e+00,1.322185978002744441e-02,-3.169719078125221579e-02,-3.796539099578366994e+00,-3.245155546673661018e+00,2.237722558727131439e+00
1.112742439378456405e+00,1.165576119803392145e-02,-2.697843311068670591e-02,-3.794009554828182029e+00,-3.249240014481405758e+00,2.241902780930724592e+00
1.113422637894766920e+00,8.672481417156320885e-03,-2.189172728533322551e-02,-3.790600150145536418e+00,-3.253226542300104551e+00,2.245830422591609477e+00
1.114127092300245758e+00,6.878319542156840181e-03,-1.652578849652243040e-02,-3.786827529084450195e+00,-3.256730724654179454e+00,2.248911950464304699e+00
1.113685445420989240e+00,3.971365873310732028e-03,-1.123595598036381676e-02,-3.783333801281877129e+00,-3.262294293550461521e+00,2.252176621178448634e+00
1.113987783674494025e+00,1.370436466825889626e-03,-5.508668135769245223e-03,-3.778981973117162330e+00,-3.266862749340472494e+00,2.255354139532127267e+00
1.113622242598496737e+00,-1.396000422084299041e-03,5.516523200551496156e-04,-3.774729729295315028e+00,-3.271715400597392076e+00,2.259245102392235083e+00
1.113308438720689741e+00,-3.683167184610953038e-03,5.523239976806580166e-03,-3.771144453356591875e+00,-3.277778175079973266e+00,2.262194179753485468e+00
1.113797348314444102e+00,-5.796158197914236254e-03,9.468005820600419037e-03,-3.768110294781925607e+00,-3.284759116912448373e+00,2.265073849222102975e+00
1.114714706680957956e+00,-7.600693689159795582e-03,1.243510300452334641e-02,-3.763319021036287904e+00,-3.289639116025242505e+00,2.267095535830416342e+00
1.115369508842063873e+00,-8.915608788639443893e-03,1.454296792814562672e-02,-3.758298995071106319e+00,-3.293461979856635580e+00,2.268407727841330601e+00
1.116131012511720533e+00,-8.993300760193129878e-03,1.567465419975692942e-02,-3.754019328247727660e+00,-3.298828661889529279e+00,2.268105663639444547e+00
1.116905892432637160e+00,-8.663359373523062124e-03,1.461401533465505297e-02,-3.750406755559162697e+00,-3.305646483947822567e+00,2.269109829175496973e+00
1.117195240812967949e+00,-8.114400531174650183e-03,1.307892463106766906e-02,-3.747541527395354510e+00,-3.313420564815431568e+00,2.268934411744965018e+00
1.116986226073301003e+00,-6.841294797068601594e-03,1.009715245125546515e-02,-3.743172856643900648e+00,-3.317919669604576072e+00,2.270940773849106087e+00
1.116721182445315819e+00,-4.720495965152905413e-03,6.353431902651512225e-03,-3.738484934613675925e+00,-3.321669439000422663e+00,2.272352130659017089e+00
1.115938864476716086e+00,-2.868001032766350628e-03,1.414122110041094588e-03,-3.734283794054973349e+00,-3.325189773007724447e+00,2.275252176159317408e+00
1.115129621258664105e+00,-3.953218135131185418e-04,-4.211511550004567311e-03,-3.730553475808571218e+00,-3.328722871552140639e+00,2.277675261158883746e+00
1.113973009404039649e+00,2.135781188909601294e-03,-1.038997446539450045e-02,-3.727164023226410272e+00,-3.332787215983262552e+00,2.278442763963066220e+00
1.113603621006909128e+00,4.611598864776151468e-03,-1.652666779405089631e-02,-3.724374198212295095e+00,-3.336159778291779343e+00,2.279128399498643542e+00
1.113200052792179262e+00,7.484849556693630446e-03,-2.180736389779974055e-02,-3.721976955583315760e+00,-3.336628501333971375e+00,2.279033695005894256e+00
1.113452080566517788e+00,9.733568568012173489e-03,-2.707718273735632009e-02,-3.719945687738835716e+00,-3.334613041267749267e+00,2.277696719111556245e+00
1.113532671744745350e+00,1.236217715123619394e-02,-3.227769031178007175e-02,-3.718189360179771530e+00,-3.331274767181387819e+00,2.275746500491149238e+00
1.114273332279756668e+00,1.485423426939881490e-02,-3.751055443876610829e-02,-3.716773772445233437e+00,-3.325706692603103143e+00,2.275731098053499490e+00
1.115038797296908024e+00,1.821073607053371943e-02,-4.249770585384866212e-02,-3.715875246885301131e+00,-3.317941470216453137e+00,2.274893979753127571e+00
1.115116064419843012e+00,2.093986079281440552e-02,-4.761222839089472580e-02,-3.715109032000319722e+00,-3.310826864654472956e+00,2.275772628602260372e+00
1.115382235210156781e+00,2.404923180472445798e-02,-5.341723703416180469e-02,-3.714444421704413024e+00,-3.302082125163139370e+00,2.275552392833505966e+00
1.115930888013924704e+00,2.762603080121443788e-02,-5.963280110629208541e-02,-3.714081053538706101e+00,-3.292615813109699197e+00,2.276379422576947587e+00
1.116859000024732707e+00,3.109104638532346823e-02,-6.650187004711924366e-02,-3.713852425964658810e+00,-3.282193039458852546e+00,2.276649224196973353e+00
1.116922281573591080e+00,3.508466923739848864e-02,-7.382569119618517806e-02,-3.713928480746091942e+00,-3.272883093263940335e+00,2.276664994146432974e+00
1.117399571067331898e+00,3.875615257128245394e-02,-8.162088365160437287e-02,-3.714031217388633177e+00,-3.264190435743186125e+00,2.277854939708967574e+00
1.118207979112214590e+00,4.195737478598434572e-02,-8.891558245085483259e-02,-3.714183231700100229e+00,-3.256860080327173446e+00,2.277417151834497666e+00
1.118826141221305637e+00,4.526901611960317678e-02,-9.508237972891708800e-02,-3.714306456291160519e+00,-3.250946510791065780e+00,2.276374815037091270e+00
1.119287864905010865e+00,4.752288918662142536e-02,-1.000891374516182375e-01,-3.714408791526333964e+00,-3.246666501567101459e+00,2.274493429058862315e+00
1.119335080658292236e+00,4.926665125247873395e-02,-1.044520529452935692e-01,-3.714427832471236979e+00,-3.242945280773331440e+00,2.272168858486535381e+00
1.119236951799887470e+00,5.126154354140378261e-02,-1.078743868766806058e-01,-3.714558747151073703e+00,-3.240077011406936158e+00,2.269541610514232310e+00
1.119139991313438109e+00,5.276654793583584330e-02,-1.103937256169546244e-01,-3.714695536541498644e+00,-3.238171925527872919e+00,2.266591124712318273e+00
1.119338361975513285e+00,5.417880589976910993e-02,-1.117232657029868514e-01,-3.714816119703138853e+00,-3.236095741432652773e+00,2.265192690736382186e+00
1.118986503284158385e+00,5.396951677341579184e-02,-1.122204083002272812e-01,-3.715105258002619593e+00,-3.234947305698723241e+00,2.263650303599666014e+00
1.118712076903879415e+00,5.386137331394802441e-02,-1.115329559279705923e-01,-3.715537854802727136e+00,-3.235659070410788818e+00,2.261863571299896680e+00
1.118569566068920773e+00,5.281217672421793102e-02,-1.100143310781824535e-01,-3.715975069510362161e+00,-3.238760054893808693e+00,2.260452954926913005e+00
1.118471988677189000e+00,5.105815419944596117e-02,-1.075396126228397170e-01,-3.716353655453263904e+00,-3.243884149627558333e+00,2.258830572345014165e+00
1.118345794569304719e+00,4.908586533601186352e-02,-1.042789588565820186e-01,-3.716776539284585290e+00,-3.250649994898425543e+00,2.258748507630329083e+00
1.118566696210250511e+00,4.663882797890433335e-02,-1.002512722771088521e-01,-3.717042464335281071e+00,-3.258297099011723930e+00,2.258075389125498766e+00
1.118828073035850856e+00,4.427056159742071006e-02,-9.588262688324573901e-02,-3.717291738747677599e+00,-3.266516094708872497e+00,2.256908687628931265e+00
1.118336194849030241e+00,4.184359921441253155e-02,-9.142895399908052001e-02,-3.717647150080508833e+00,-3.275216966920089234e+00,2.257018878616702473e+00
1.117660948721042935e+00,3.897801731490171950e-02,-8.708176723655390583e-02,-3.717870704371299961e+00,-3.283813158054952996e+00,2.256329234205705525e+00
1.116960992682813458e+00,3.650060583718162804e-02,-8.249642237546382650e-02,-3.717979833550784097e+00,-3.291724507278869449e+00,2.254861204592754298e+00
1.116170422193137668e+00,3.427877337318735451e-02,-7.752346899731363261e-02,-3.717969731705789815e+00,-3.298745363311062384e+00,2.252709773182593356e+00
1.116180634709095232e+00,3.141035006094921450e-02,-7.234862018521052984e-02,-3.717914480705810654e+00,-3.305121652103904406e+00,2.250218942761793794e+00
1.116336999307446565e+00,2.913699386791013951e-02,-6.709961946251340181e-02,-3.717833781114205483e+00,-3.310625202631282349e+00,2.247167358601117382e+00
1.116684213317073571e+00,2.678158949607055417e-02,-6.201517428540255505e-02,-3.717826673038372221e+00,-3.314876307611751116e+00,2.245110227400404668e+00
1.116388574466179007e+00,2.470005918222304905e-02,-5.645404542078912014e-02,-3.717662052247992843e+00,-3.317157372868816623e+00,2.243689167438299936e+00
1.115864389094791465e+00,2.246176879966000142e-02,-5.134394076312435995e-02,-3.717576982047001710e+00,-3.318488700593146490e+00,2.245133412743574475e+00
1.116261473063764109e+00,2.073134879540114786e-02,-4.689641540987270901e-02,-3.717549651695542856e+00,-3.318226563274353502e+00,2.246631962366594681e+00
1.116914582964447789e+00,1.867611977769393500e-02,-4.296184370553273596e-02,-3.717494722811469199e+00,-3.315313250727962124e+00,2.247891121360077626e+00
1.117086604981780695e+00,1.826704648388294966e-02,-3.974936673494147699e-02,-3.717547878947289774e+00,-3.311578129550520888e+00,2.249035829248949181e+00
1.117432275634301364e+00,1.691830431089856937e-02,-3.862045820438438082e-02,-3.717652719808124395e+00,-3.307358876075804588e+00,2.250030553851666948e+00
1.117831170800682505e+00,1.809663259152248169e-02,-3.970376259038495975e-02,-3.717606262996652422e+00,-3.302372526057229862e+00,2.253163473961504071e+00
1.118122757057608885e+00,1.976072913871358347e-02,-4.272656490933052914e-02,-3.717648919998918000e+00,-3.296524248525825485e+00,2.255901670169533801e+00
1.117979992180436977e+00,2.232440131495093058e-02,-4.704290043598605142e-02,-3.717612365629428872e+00,-3.288895078873261824e+00,2.258824506535664689e+00
1.117818788643685446e+00,2.512341987075551730e-02,-5.254703585195090454e-02,-3.717655514659826910e+00,-3.280013414223373669e+00,2.262084020877621615e+00
1.117701380029208602e+00,2.817126909507821145e-02,-5.936710409806820327e-02,-3.717623492437652999e+00,-3.271630254481408429e+00,2.266227427537669925e+00
1.117615726997514658e+00,3.155911706288394569e-02,-6.691974414784875036e-02,-3.717731747438493883e+00,-3.263615109236050138e+00,2.270087403954661021e+00
1.117476707508257450e+00,3.471985763437574618e-02,-7.409357746577380222e-02,-3.717673090245765088e+00,-3.258478248312072445e+00,2.273632341950227342e+00
1.117562985317186675e+00,3.754384382614790738e-02,-8.093973869691081791e-02,-3.717693917128407577e+00,-3.251775157227376756e+00,2.276783174600699677e+00
1.117813073766058318e+00,4.064737041188433431e-02,-8.738023923140308957e-02,-3.717601118318261122e+00,-3.245358242395627535e+00,2.280481404577973770e+00
1.117819302347301536e+00,4.348672804658108154e-02,-9.307430161461426044e-02,-3.717629593223386930e+00,-3.239454576501989091e+00,2.283836697782267500e+00
1.118316619834559322e+00,4.646413682882152146e-02,-9.859339382450693634e-02,-3.717489418979039062e+00,-3.236012050451216204e+00,2.286750693989217265e+00
1.118733559428720659e+00,4.861056713223302350e-02,-1.030132246818570019e-01,-3.717358324943480063e+00,-3.231504821429403762e+00,2.290237727636658338e+00
1.119098631879415828e+00,5.095132720746951838e-02,-1.065587383009229810e-01,-3.717203913868968090e+00,-3.228263304101957054e+00,2.293358522582359171e+00
1.119341093716849089e+00,5.299882915171357650e-02,-1.097464912413152749e-01,-3.717058683435440436e+00,-3.225411863824477976e+00,2.295945252041089901e+00
1.118978005259339215e+00,5.461893410123466047e-02,-1.122457339343048838e-01,-3.716958906488216474e+00,-3.223457836093662987e+00,2.298574262270389745e+00
1.119565015685803688e+00,5.598082503777322694e-02,-1.138330221387049007e-01,-3.716916964016246272e+00,-3.222150554322679383e+00,2.300374712704380542e+00
1.119637511434793398e+00,5.665370942198232063e-02,-1.153337241615104564e-01,-3.716921244657214185e+00,-3.221923443796002040e+00,2.301990536993451020e+00
1.118622549732798177e+00,5.700804021674772681e-02,-1.155023086930633547e-01,-3.716839181004009784e+00,-3.223489036717985368e+00,2.303408144548217074e+00
1.118688660447312522e+00,5.633975217802456026e-02,-1.142578432939110045e-01,-3.716770128484378599e+00,-3.225581961423185984e+00,2.306073068556061312e+00
1.118754258221193121e+00,5.580956024284886713e-02,-1.122397553531466752e-01,-3.716659325612035047e+00,-3.229267223477127580e+00,2.308040824630128718e+00
1.118602710682981005e+00,5.463703395385096501e-02,-1.096601871633922920e-01,-3.716589428991410315e+00,-3.235568652262258649e+00,2.309166953649437470e+00
1.118435328733953460e+00,5.268743108794612245e-02,-1.060528506544341359e-01,-3.716538549001205727e+00,-3.244213055751545394e+00,2.309539447403638590e+00
1.118115779969054646e+00,5.079996741354057127e-02,-1.017662817495676580e-01,-3.716303005659790326e+00,-3.253794809472207117e+00,2.309328891970951148e+00
1.118234328293787216e+00,4.741243125098797140e-02,-9.685237355042400353e-02,-3.716085161138139359e+00,-3.264579481239712422e+00,2.308903993323815573e+00
1.118110929766870321e+00,4.503219113785675992e-02,-9.160309764386863340e-02,-3.715901669223558024e+00,-3.275789759807070212e+00,2.307793617098808259e+00
1.117504688490579934e+00,4.169434604509516390e-02,-8.645414079679081265e-02,-3.715756810559109447e+00,-3.286709529519804551e+00,2.306315131254545570e+00
1.116959545964917977e+00,3.819000927114100941e-02,-8.087272741825490829e-02,-3.715498262649965966e+00,-3.297285913553479997e+00,2.304145759712219466e+00
1.116444593523751250e+00,3.489935562258482393e-02,-7.497078835021080134e-02,-3.715111428305724051e+00,-3.307302714983439529e+00,2.301065481664678725e+00
1.116429319241667217e+00,3.076927564057591741e-02,-6.873543479820784508e-02,-3.714721300102020951e+00,-3.316365553911506225e+00,2.297180460241083466e+00
1.116540332024797744e+00,2.700175237635069059e-02,-6.225004534529348516e-02,-3.714290565329142257e+00,-3.324437470762975355e+00,2.292706645091153295e+00
1.116904439812234529e+00,2.341392524120461394e-02,-5.579393970834464062e-02,-3.713744932964206047e+00,-3.331170099305657661e+00,2.288187738745129263e+00
1.117497951954268709e+00,2.096915290020548439e-02,-5.045350912465366294e-02,-3.713033711181892738e+00,-3.337076506738384740e+00,2.283389042174016392e+00
1.117444148389788561e+00,1.917312673722389171e-02,-4.618975411938010950e-02,-3.712268116311109978e+00,-3.341483828090085151e+00,2.278210579215449894e+00
1.117251280212718356e+00,1.730027494562157500e-02,-4.300429863330154645e-02,-3.711258898725801725e+00,-3.343707053875548674e+00,2.273061800236136243e+00
1.116799947977657803e+00,1.664245768706000897e-02,-4.076331587699891928e-02,-3.710134928095774942e+00,-3.344975747503171171e+00,2.267731701201181060e+00
1.116186188071576657e+00,1.673120190037392582e-02,-3.980229272694899012e-02,-3.709070229505563088e+00,-3.343639780281803198e+00,2.265405240788430419e+00
1.115950495325730207e+00,1.796596422563015785e-02,-4.041430484162437248e-02,-3.708004803302843211e+00,-3.340297866276955574e+00,2.263083810198494028e+00
1.116523015576723621e+00,1.971376318948498893e-02,-4.231587128159677857e-02,-3.706983320982013108e+00,-3.337019040679177095e+00,2.260320456325124017e+00
1.116833761114691459e+00,2.147618603891465403e-02,-4.502631365503667604e-02,-3.706056497525847426e+00,-3.333893628268453480e+00,2.256661713383946832e+00
1.116752061827453568e+00,2.350912179791243492e-02,-4.908767496566412286e-02,-3.705147482680508197e+00,-3.330173163667898617e+00,2.253092539069804445e+00
1.116604935860899817e+00,2.583276734371788008e-02,-5.367370321365741437e-02,-3.704135358503923836e+00,-3.326439737447057343e+00,2.249945818759498284e+00
1.116235210223371022e+00,2.782404412841427144e-02,-5.829964388359096944e-02,-3.703115010975554622e+00,-3.320835517844254348e+00,2.246744595452071280e+00
1.116324878836431056e+00,3.025125390087184118e-02,-6.331990108384003002e-02,-3.702065711843866236e+00,-3.314601853087280947e+00,2.243965261137788936e+00
1.115961450354586937e+00,3.274450946530585438e-02,-6.817152998405386077e-02,-3.701090755622684192e+00,-3.307617356832693645e+00,2.240603984536906346e+00
1.115773352797344797e+00,3.558076055333229959e-02,-7.293927721119317087e-02,-3.700131128913853651e+00,-3.300182449941506224e+00,2.237446945433394951e+00
1.116022950245160184e+00,3.818831224367350008e-02,-7.761530370587339800e-02,-3.699205599639430631e+00,-3.293378872055669593e+00,2.235186801383868271e+00
1.115557491185905192e+00,4.088595384327269044e-02,-8.216806940683588079e-02,-3.698247637308827329e+00,-3.285749016501497533e+00,2.232720299141825127e+00
1.115835911462780494e+00,4.391142384340090965e-02,-8.727167139209533742e-02,-3.697143696395463586e+00,-3.279577459769518644e+00,2.230150324321651834e+00
1.115799983317222077e+00,4.656308758935098768e-02,-9.196830626801652531e-02,-3.696291562866310443e+00,-3.274059815184542810e+00,2.227352540809452552e+00
1.115488310368211833e+00,4.935898325537549369e-02,-9.696589373871403184e-02,-3.695344606168875501e+00,-3.269485669332195421e+00,2.224619260141633692e+00
1.115441764230454158e+00,5.198530248870796705e-02,-1.014054277072874016e-01,-3.694455385644276557e+00,-3.266277601814095544e+00,2.222841805197529386e+00
1.115696662476206802e+00,5.448057803294402424e-02,-1.057339106304461818e-01,-3.693528826124401476e+00,-3.263352173367589426e+00,2.221583550321322598e+00
1.115350837558779062e+00,5.676114555138440931e-02,-1.095398649205592545e-01,-3.692584341626639066e+00,-3.261469872613505849e+00,2.219955051356441000e+00
1.114820115996812078e+00,5.859581495757979624e-02,-1.127264116703311642e-01,-3.691710519473155649e+00,-3.261234529733120002e+00,2.220071811168831122e+00
1.115010479703928636e+00,6.000500352372669516e-02,-1.156044934001662500e-01,-3.690738525938530135e+00,-3.263045734840712697e+00,2.220260812480649548e+00
1.115092156515416821e+00,6.078963795572178697e-02,-1.174135011267724710e-01,-3.689841586523165518e+00,-3.266546840354395798e+00,2.220179021453879464e+00
1.114676175132657487e+00,6.101543537031252351e-02,-1.180214727996787838e-01,-3.688945893940185350e+00,-3.271282306629513137e+00,2.220652934507174159e+00
1.114419173506787208e+00,6.058795073861120845e-02,-1.175192365656557991e-01,-3.687912148413489799e+00,-3.276659963429214617e+00,2.220756301399619659e+00
1.113867098105636666e+00,5.960911447132664215e-02,-1.161662914162124721e-01,-3.686815486152748900e+00,-3.282489426654028541e+00,2.220952060863968569e+00
1.113831762112192703e+00,5.810085822771135500e-02,-1.139845491769138769e-01,-3.685878303803437284e+00,-3.288038035310934415e+00,2.221192955571837491e+00
1.114437420754282204e+00,5.640083194339259864e-02,-1.107312203670377526e-01,-3.684918825989851765e+00,-3.294317871603690495e+00,2.221340480103460191e+00
1.114412892703579683e+00,5.429099612565985167e-02,-1.066050477708904709e-01,-3.684032061057187946e+00,-3.299757612525326511e+00,2.221639673397191039e+00
1.114502567503229846e+00,5.222494219249278202e-02,-1.026459783112611268e-01,-3.683027049654390428e+00,-3.303434333157852176e+00,2.222174369881134481e+00
1.114517010622349868e+00,4.929742413424915287e-02,-9.884885088950133569e-02,-3.682009292256049005e+00,-3.307967908549432234e+00,2.222859120782651576e+00
1.114559619616105612e+00,4.731669444224880644e-02,-9.545332331988197472e-02,-3.680997330377370425e+00,-3.312683923819377263e+00,2.223892069260503757e+00
1.114583169667184626e+00,4.566275417613665372e-02,-9.276375124320380972e-02,-3.679905297995060831e+00,-3.316271383029155917e+00,2.225790939020632297e+00
1.114416717003352764e+00,4.460604519284515346e-02,-9.122823285429521034e-02,-3.678805295737782810e+00,-3.319535008935098119e+00,2.227690694521901271e+00
1.114459321001425085e+00,4.371823883434636931e-02,-9.009063772075592835e-02,-3.677898027033910555e+00,-3.322275756758076959e+00,2.229747925223224403e+00
1.114181264707267749e+00,4.316574283739779000e-02,-8.903129405617002390e-02,-3.677097775863916951e+00,-3.324139279090264409e+00,2.232077233080351331e+00
1.114988090509094532e+00,4.268258588884337595e-02,-8.832064877770115507e-02,-3.676373985498091468e+00,-3.324190371933521959e+00,2.233900181465490409e+00
1.114926273193249218e+00,4.285985684217599734e-02,-8.879851067916563756e-02,-3.675651713182058078e+00,-3.323749296885887716e+00,2.235851394828296534e+00
1.114349753781263441e+00,4.334270384704203699e-02,-8.967979136120869665e-02,-3.674970981595810482e+00,-3.321898280908655909e+00,2.237706138483651408e+00
1.113928687522110828e+00,4.365962278541337532e-02,-9.054806264159108442e-02,-3.674404223136833902e+00,-3.318511813699253299e+00,2.239432759485064928e+00
1.114122159229396392e+00,4.442204054246300798e-02,-9.217450758463167915e-02,-3.673779746402433322e+00,-3.314792859672261560e+00,2.240942467592794696e+00
1.114542924592137885e+00,4.563248033368436790e-02,-9.408834753944513019e-02,-3.673167077309746453e+00,-3.311158998314985613e+00,2.242248583650549687e+00
1.114892891053477220e+00,4.706639479272534121e-02,-9.601464260375673632e-02,-3.672710350049392503e+00,-3.307430268967772591e+00,2.244433619811717406e+00
1.115015483432885146e+00,4.872272044674323677e-02,-9.876680367336840294e-02,-3.672462116936110466e+00,-3.302863859254278278e+00,2.246861050215217759e+00
1.114982377706493333e+00,5.064609884225588360e-02,-1.019434986484359235e-01,-3.672140386169142623e+00,-3.297004846699258973e+00,2.249705560238069335e+00
1.115229123013714130e+00,5.291264028771484190e-02,-1.061166927846946828e-01,-3.671697362898191042e+00,-3.292579695612079860e+00,2.252952776299602888e+00
1.115187460780705297e+00,5.547206636904682131e-02,-1.108449197616541287e-01,-3.671330436355024318e+00,-3.289353014106555673e+00,2.256226459445270116e+00
1.114811282785130864e+00,5.770566057810686683e-02,-1.153730726268327178e-01,-3.671001573409945706e+00,-3.285852901732233988e+00,2.259691829368176030e+00
1.114852795775418182e+00,5.950766063790591254e-02,-1.189662204019104053e-01,-3.670698932886314658e+00,-3.282453900285438486e+00,2.263941424938937352e+00
1.114817799564567169e+00,6.130653403982894156e-02,-1.220297050447398668e-01,-3.670356827903846320e+00,-3.280122037215282838e+00,2.267965948932107345e+00
1.114586728473935029e+00,6.290177037460521758e-02,-1.245391197187203230e-01,-3.669961535458546198e+00,-3.278341372980032808e+00,2.271701833177734553e+00
1.114815513222197962e+00,6.385380307665150523e-02,-1.257706499491056396e-01,-3.669428723122406755e+00,-3.276987112093009191e+00,2.275384595226697115e+00
1.114403387274749857e+00,6.447857344978653871e-02,-1.263901589912028167e-01,-3.668870583041504485e+00,-3.276341337057677716e+00,2.279081616128466159e+00
1.114481846422416877e+00,6.471393738955606711e-02,-1.272767322724249472e-01,-3.668238790540354621e+00,-3.275656184345324018e+00,2.283725300825806936e+00
1.114522440243650436e+00,6.510056163201427548e-02,-1.281127005277178654e-01,-3.667677282706969688e+00,-3.275403759466498421e+00,2.287701770622600161e+00
1.114574384764468462e+00,6.510335098438461976e-02,-1.288024511934941496e-01,-3.667062844128262888e+00,-3.276712006726503201e+00,2.292231297905151344e+00
1.114742927936598349e+00,6.504880711213578692e-02,-1.288228485688613922e-01,-3.666484743793276824e+00,-3.279057406766536786e+00,2.296463171173085627e+00
1.115018922646766608e+00,6.473476245935901041e-02,-1.281101544430834349e-01,-3.665907440701101638e+00,-3.282332764579074524e+00,2.300335344978854835e+00
1.115009236610416288e+00,6.387909976673601664e-02,-1.266440720745064530e-01,-3.665272288901316955e+00,-3.287131295475798964e+00,2.304182645704393462e+00
1.114723653365486733e+00,6.272239707157023503e-02,-1.247028372885547326e-01,-3.664563228285605767e+00,-3.292462584455795316e+00,2.307439789156645826e+00
1.114775350971326295e+00,6.123083685449724756e-02,-1.218539211344847883e-01,-3.663905955169750150e+00,-3.298153407464630149e+00,2.310418422585962528e+00
1.114595253318601875e+00,5.928299294373746281e-02,-1.181360912553080511e-01,-3.663191176820278727e+00,-3.304201847658864821e+00,2.313105053025032554e+00
1.114462779907896106e+00,5.743133434297845175e-02,-1.144610035877895726e-01,-3.662373751826484725e+00,-3.309995478864458551e+00,2.315373840869376032e+00
1.114191266875003583e+00,5.528248409749333264e-02,-1.108010053445576820e-01,-3.661379517677662232e+00,-3.315484024242838945e+00,2.317101891970552607e+00
1.113902158389404651e+00,5.315002868320012341e-02,-1.071311278281209395e-01,-3.660287118392869132e+00,-3.320990259056233018e+00,2.321226761878969480e+00
1.113792158912357166e+00,5.110856659950994973e-02,-1.028688699294261211e-01,-3.659202630153798541e+00,-3.326638319759967377e+00,2.324889960253753607e+00
1.113654196847416733e+00,4.892257023626237628e-02,-9.832926667419449041e-02,-3.658178614924163963e+00,-3.331843518660989822e+00,2.328568926881279033e+00
1.113358555733636512e+00,4.659050331205533829e-02,-9.426857501480521984e-02,-3.657147070710407455e+00,-3.336465794188142375e+00,2.332085279150176493e+00
1.112724284058373314e+00,4.467258551286228119e-02,-9.058510506892648861e-02,-3.655895750686704471e+00,-3.340901184217258457e+00,2.334948293559481858e+00
1.113239468846742630e+00,4.270541009998329862e-02,-8.682835196710883552e-02,-3.654524693374412880e+00,-3.344995427212467121e+00,2.337332043552470484e+00
1.113326411906071733e+00,4.146603401906381187e-02,-8.417435886747540175e-02,-3.653012211442145052e+00,-3.348588455114018814e+00,2.338639281808055692e+00
1.113670739945382460e+00,4.073455572021463661e-02,-8.254750950115596897e-02,-3.651492167228313601e+00,-3.351727954581075419e+00,2.339811392939515233e+00
1.113508020349351035e+00,4.043321649697603076e-02,-8.238912129062779532e-02,-3.649817313275812936e+00,-3.354161372727580304e+00,2.340663195350902281e+00
1.113580799686014089e+00,4.041806823240576274e-02,-8.262752715958908423e-02,-3.648137284789588541e+00,-3.356033365068500807e+00,2.342157599753875274e+00
1.113025441948908290e+00,4.069598743378957661e-02,-8.368816410513801873e-02,-3.646478267334603007e+00,-3.357468974597011435e+00,2.343372392610690191e+00
1.112578320447730640e+00,4.154322865747994697e-02,-8.518883610259377070e-02,-3.644864806281782776e+00,-3.357878106485681080e+00,2.343957704218500915e+00
1.112451733496229389e+00,4.294452239232814106e-02,-8.747966715359725698e-02,-3.643363771540727658e+00,-3.357890928771513739e+00,2.345155527310220478e+00
1.112500661329677287e+00,4.438085694329505643e-02,-8.991203072240959437e-02,-3.641863150340265420e+00,-3.357277328773659253e+00,2.346976455042375065e+00
1.112640101627948797e+00,4.580226725658673864e-02,-9.257780641675170119e-02,-3.640444806810105405e+00,-3.356042016673072226e+00,2.348276307757860781e+00
1.112296689041443853e+00,4.742507095433316777e-02,-9.620242142595596124e-02,-3.639032998373751049e+00,-3.354587368820809878e+00,2.349140341322048187e+00
1.112643615840157585e+00,4.941661395574782623e-02,-1.001137922795896085e-01,-3.637653937585751507e+00,-3.352377116117566835e+00,2.349750174605817143e+00
1.112487261330756594e+00,5.168151115619180891e-02,-1.045989807994124610e-01,-3.636216922891188918e+00,-3.348952154766581479e+00,2.350456455634960751e+00
1.113078698766141406e+00,5.411155265772909367e-02,-1.090098347243876054e-01,-3.634700805263586965e+00,-3.345871637733686565e+00,2.350532834183299169e+00
1.113216072803568046e+00,5.618127343892145853e-02,-1.128510226302575359e-01,-3.633145812425511156e+00,-3.342839699473540982e+00,2.350531534100045228e+00
1.112933697738030636e+00,5.852934710977577420e-02,-1.171683045567561560e-01,-3.631699660321432876e+00,-3.339904802279072271e+00,2.350819516133081599e+00
1.112564247139068874e+00,6.066697468723215858e-02,-1.212690766221673350e-01,-3.630177716506428176e+00,-3.337086451050634395e+00,2.351030794882916108e+00
1.112712390915273186e+00,6.297691230668721329e-02,-1.256967795737703175e-01,-3.628597613313392589e+00,-3.333065414622408351e+00,2.351752655822899385e+00
1.112983121130188602e+00,6.518749388233127662e-02,-1.295664024956592053e-01,-3.626981851678825475e+00,-3.327893575185716823e+00,2.352756849564633157e+00
1.113063335778210039e+00,6.724116047752862202e-02,-1.333720809533693319e-01,-3.625309198754929074e+00,-3.321585610370165309e+00,2.353524670137794761e+00
1.113382596172935779e+00,6.959894824475333641e-02,-1.379259377507612294e-01,-3.623683872742121004e+00,-3.314951310620012137e+00,2.354815816067234113e+00
1.113668978900798079e+00,7.214488840296195971e-02,-1.430222690770420468e-01,-3.622118706093857110e+00,-3.308668910325036627e+00,2.356102473941659170e+00
1.113555784863970777e+00,7.492631041951197668e-02,-1.479867233115574332e-01,-3.620304715303485299e+00,-3.301695289179279680e+00,2.357856007278944066e+00
1.113941384728189377e+00,7.793079541909611607e-02,-1.527621547076418729e-01,-3.618338054677975535e+00,-3.294718876262636265e+00,2.358939753840567644e+00
1.113914382447918960e+00,8.097062165593034433e-02,-1.581226102505472741e-01,-3.616318180656707515e+00,-3.289036019748155404e+00,2.359480384547372189e+00
1.114027774371058710e+00,8.400219168379521872e-02,-1.636286422403473440e-01,-3.614275954032728944e+00,-3.283412146307342461e+00,2.360722086061911806e+00
1.114185796899463510e+00,8.694055211496215518e-02,-1.693648212984666390e-01,-3.612233496221925133e+00,-3.278798406143498045e+00,2.361864579117348928e+00
1.114248750732871773e+00,9.016428557572778169e-02,-1.751932887472876232e-01,-3.610149437804478723e+00,-3.275108936401804005e+00,2.363515915433742620e+00
1.113663747565715845e+00,9.308845279033756137e-02,-1.806560812643843161e-01,-3.608222358493669901e+00,-3.271247249594084749e+00,2.364640715216770772e+00
1.113310442555484503e+00,9.611241537989008432e-02,-1.863663909824711251e-01,-3.606172277347020838e+00,-3.268166660282057823e+00,2.365539139899035970e+00
1.113605425403197291e+00,9.887115099360574422e-02,-1.916837993982452581e-01,-3.604077971947663883e+00,-3.265883263699489447e+00,2.367321217907863318e+00
1.113685244138022945e+00,1.012504548585630298e-01,-1.962193589381697467e-01,-3.601907770841968670e+00,-3.264012838362635449e+00,2.369731386121430194e+00
1.113417233692737041e+00,1.038504453829912078e-01,-2.007611399207023251e-01,-3.599806812703089776e+00,-3.263187304523420984e+00,2.371731516256069039e+00
1.113262808938875192e+00,1.059814536211780150e-01,-2.050827458592754948e-01,-3.597613497438843400e+00,-3.263488869204542731e+00,2.374018244050762672e+00
1.113514791597148390e+00,1.078600086255180474e-01,-2.087363329796931843e-01,-3.595228498464956512e+00,-3.264303168400561006e+00,2.376347158847910812e+00
1.113800504057980811e+00,1.091834887145171767e-01,-2.111642843993700447e-01,-3.592739177702560127e+00,-3.266297114598510465e+00,2.379177932062155776e+00
1.114030936468438204e+00,1.100691734126174881e-01,-2.131661072902531762e-01,-3.590119369348991007e+00,-3.268634940142740142e+00,2.381592171689094872e+00
1.114012878579987875e+00,1.106826935510490245e-01,-2.142727199513293768e-01,-3.587484864411326857e+00,-3.271719604437575590e+00,2.383714966630048782e+00
