-2.811080776154994965e-06,2.226341050118207932e-03,-1.862366800196468830e-03,-7.719845598330721259e-05,3.363990254001691937e-05,-1.757475615704606753e-06
-1.560032251290977001e-05,3.530259244143962860e-03,-1.560680568218231201e-03,-3.968990058638155460e-04,1.445281668566167355e-04,5.461341788759455085e-05
-2.755852983682416379e-05,4.851281642913818359e-03,-1.459980616346001625e-03,-5.751162534579634666e-04,1.252416404895484447e-04,2.706396044231951237e-04
-3.701222885865718126e-05,6.206461694091558456e-03,-1.591276959516108036e-03,-6.676538032479584217e-04,-3.267047577537596226e-05,6.857117987237870693e-04
-4.281528890714980662e-05,7.594327442348003387e-03,-1.939842826686799526e-03,-7.135026389732956886e-04,-3.253290778957307339e-04,1.314142951741814613e-03
-4.407650339999236166e-05,9.012732654809951782e-03,-2.490155398845672607e-03,-7.362011820077896118e-04,-7.454773294739425182e-04,2.157874871045351028e-03
-4.009320036857388914e-05,1.045933831483125687e-02,-3.226957051083445549e-03,-7.499792845919728279e-04,-1.284730737097561359e-03,3.212769050151109695e-03
-3.030794323422014713e-05,1.193171180784702301e-02,-4.135408438742160797e-03,-7.634722278453409672e-04,-1.934555592015385628e-03,4.471765365451574326e-03
-1.427872666681651026e-05,1.342737209051847458e-02,-5.201117601245641708e-03,-7.819209131412208080e-04,-2.686667256057262421e-03,5.926476791501045227e-03
8.342874934896826744e-06,1.494384463876485825e-02,-6.410230416804552078e-03,-8.085127337835729122e-04,-3.533168230205774307e-03,7.567933294922113419e-03
3.782645944738760591e-05,1.647865213453769684e-02,-7.749370764940977097e-03,-8.451640023849904537e-04,-4.466559272259473801e-03,9.387017227709293365e-03
7.438236207235604525e-05,1.802936382591724396e-02,-9.205724112689495087e-03,-8.930237963795661926e-04,-5.479912739247083664e-03,1.137452665716409683e-02
1.181294137495569885e-04,1.959356479346752167e-02,-1.076694112271070480e-02,-9.527296060696244240e-04,-6.565688643604516983e-03,1.352185197174549103e-02
1.691992656560614705e-04,2.116891741752624512e-02,-1.242126803845167160e-02,-1.024696626700460911e-03,-7.718641310930252075e-03,1.581952534615993500e-02
2.275948354508727789e-04,2.275308407843112946e-02,-1.415730640292167664e-02,-1.108883880078792572e-03,-8.931069634854793549e-03,1.825981214642524719e-02
2.933749638032168150e-04,2.434383891522884369e-02,-1.596434228122234344e-02,-1.205593813210725784e-03,-1.019868813455104828e-02,2.083319425582885742e-02
3.677147615235298872e-04,2.593949995934963226e-02,-1.783015765249729156e-02,-1.314149820245802402e-03,-1.151285879313945770e-02,2.353052422404289246e-02
4.480275383684784174e-04,2.753729932010173798e-02,-1.974981836974620819e-02,-1.435352605767548084e-03,-1.287246309220790863e-02,2.634783275425434113e-02
5.372199229896068573e-04,2.913557924330234528e-02,-2.170720323920249939e-02,-1.568145002238452435e-03,-1.426699571311473846e-02,2.927219681441783905e-02
6.316679646261036396e-04,3.073161095380783081e-02,-2.370068244636058807e-02,-1.713351812213659286e-03,-1.569681428372859955e-02,3.230164572596549988e-02
7.329705404117703438e-04,3.232310712337493896e-02,-2.571622841060161591e-02,-1.870115986093878746e-03,-1.715218089520931244e-02,3.542580083012580872e-02
8.410518057644367218e-04,3.390881046652793884e-02,-2.774741686880588531e-02,-2.038571285083889961e-03,-1.863144338130950928e-02,3.863580897450447083e-02
9.579556062817573547e-04,3.548823297023773193e-02,-2.978373691439628601e-02,-2.217385219410061836e-03,-2.012579515576362610e-02,4.192351549863815308e-02
1.078803092241287231e-03,3.705728054046630859e-02,-3.182472288608551025e-02,-2.408059779554605484e-03,-2.163683995604515076e-02,4.528864473104476929e-02
1.208275440149009228e-03,3.861619159579277039e-02,-3.385483473539352417e-02,-2.608706010505557060e-03,-2.315388619899749756e-02,4.871706292033195496e-02
1.340987277217209339e-03,4.016092419624328613e-02,-3.587594255805015564e-02,-2.820777939632534981e-03,-2.467906847596168518e-02,5.220970883965492249e-02
1.481823157519102097e-03,4.169238358736038208e-02,-3.787347674369812012e-02,-3.042261814698576927e-03,-2.620222792029380798e-02,5.575275048613548279e-02
1.641355571337044239e-03,4.358186945319175720e-02,-4.055305570363998413e-02,-3.218815661966800690e-03,-2.774559706449508667e-02,5.934907868504524231e-02
1.987185562029480934e-03,4.592612758278846741e-02,-4.390829056501388550e-02,-3.441430395469069481e-03,-2.923557162284851074e-02,6.298329681158065796e-02
2.514932304620742798e-03,4.852261021733283997e-02,-4.738930612802505493e-02,-3.771834308281540871e-03,-3.065830841660499573e-02,6.665816903114318848e-02
3.220577957108616829e-03,5.131170526146888733e-02,-5.082963407039642334e-02,-4.168135579675436020e-03,-3.201944753527641296e-02,7.032674551010131836e-02
4.101075697690248489e-03,5.432004854083061218e-02,-5.429134890437126160e-02,-4.642848856747150421e-03,-3.333902359008789062e-02,7.407046109437942505e-02
5.152243655174970627e-03,5.751558020710945129e-02,-5.768313631415367126e-02,-5.144917871803045273e-03,-3.461237624287605286e-02,7.779067754745483398e-02
6.370267365127801895e-03,6.092644110321998596e-02,-6.107213348150253296e-02,-5.687125958502292633e-03,-3.585822135210037231e-02,8.157151192426681519e-02
7.750747725367546082e-03,6.452625989913940430e-02,-6.438324600458145142e-02,-6.239866372197866440e-03,-3.706311434507369995e-02,8.531772345304489136e-02
9.289134293794631958e-03,6.834082305431365967e-02,-6.767839193344116211e-02,-6.816802546381950378e-03,-3.824350610375404358e-02,8.911376446485519409e-02
1.098064426332712173e-02,7.234532386064529419e-02,-7.088792324066162109e-02,-7.396887987852096558e-03,-3.938341513276100159e-02,9.286528080701828003e-02
1.282004266977310181e-02,7.656359672546386719e-02,-7.406950742006301880e-02,-7.994549348950386047e-03,-4.049698263406753540e-02,9.665784239768981934e-02
1.480216253548860550e-02,8.097229152917861938e-02,-7.715886086225509644e-02,-8.591401390731334686e-03,-4.156878218054771423e-02,1.003960371017456055e-01
1.692111790180206299e-02,8.559352159500122070e-02,-8.020988851785659790e-02,-9.202869608998298645e-03,-4.261051863431930542e-02,1.041682362556457520e-01
1.917140185832977295e-02,9.040517359972000122e-02,-8.316311240196228027e-02,-9.810756891965866089e-03,-4.360887035727500916e-02,1.078763157129287720e-01
2.154650911688804626e-02,9.542758762836456299e-02,-8.606848120689392090e-02,-1.043178327381610870e-02,-4.457275569438934326e-02,1.116124093532562256e-01
2.404067292809486389e-02,1.006400361657142639e-01,-8.887179195880889893e-02,-1.104693021625280380e-02,-4.549195989966392517e-02,1.152749210596084595e-01
2.664676867425441742e-02,1.060608476400375366e-01,-9.161822497844696045e-02,-1.167431566864252090e-02,-4.637196660041809082e-02,1.189601644873619080e-01
2.935887314379215240e-02,1.116709932684898376e-01,-9.425976872444152832e-02,-1.229366566985845566e-02,-4.720661789178848267e-02,1.225629225373268127e-01
3.216923773288726807e-02,1.174863874912261963e-01,-9.683568775653839111e-02,-1.292479410767555237e-02,-4.799721762537956238e-02,1.261835843324661255e-01
3.507189825177192688e-02,1.234901398420333862e-01,-9.930530190467834473e-02,-1.354574598371982574e-02,-4.874254018068313599e-02,1.297133564949035645e-01
3.805843740701675415e-02,1.296953409910202026e-01,-1.017007306218147278e-01,-1.417811214923858643e-02,-4.943877831101417542e-02,1.332568526268005371e-01
4.112298041582107544e-02,1.360877901315689087e-01,-1.039901897311210632e-01,-1.479848846793174744e-02,-5.009059235453605652e-02,1.367026716470718384e-01
4.425641894340515137e-02,1.426770091056823730e-01,-1.061965003609657288e-01,-1.542969979345798492e-02,-5.068821087479591370e-02,1.401567906141281128e-01
4.745308682322502136e-02,1.494522094726562500e-01,-1.082987338304519653e-01,-1.604725420475006104e-02,-5.124301835894584656e-02,1.435076892375946045e-01
5.070311576128005981e-02,1.564188003540039062e-01,-1.103089675307273865e-01,-1.667509041726589203e-02,-5.173847824335098267e-02,1.468614637851715088e-01
5.400119721889495850e-02,1.635699272155761719e-01,-1.122183650732040405e-01,-1.728784292936325073e-02,-5.219332873821258545e-02,1.501080840826034546e-01
5.733665451407432556e-02,1.709063947200775146e-01,-1.140269264578819275e-01,-1.791013963520526886e-02,-5.258379131555557251e-02,1.533513665199279785e-01
6.070465594530105591e-02,1.784257143735885620e-01,-1.157390475273132324e-01,-1.851625181734561920e-02,-5.293625965714454651e-02,1.564853042364120483e-01
6.409366428852081299e-02,1.861237436532974243e-01,-1.173417493700981140e-01,-1.913095824420452118e-02,-5.321961268782615662e-02,1.596087515354156494e-01
6.749942898750305176e-02,1.940026134252548218e-01,-1.188531070947647095e-01,-1.972872763872146606e-02,-5.346773564815521240e-02,1.626224070787429810e-01
7.090951502323150635e-02,2.020532041788101196e-01,-1.202472075819969177e-01,-2.033381350338459015e-02,-5.364261567592620850e-02,1.656176000833511353e-01
7.432024180889129639e-02,2.102820426225662231e-01,-1.215549111366271973e-01,-2.092193067073822021e-02,-5.378422886133193970e-02,1.685053259134292603e-01
7.771849632263183594e-02,2.186755836009979248e-01,-1.227391958236694336e-01,-2.151539176702499390e-02,-5.385024845600128174e-02,1.713642179965972900e-01
8.110128343105316162e-02,2.272443920373916626e-01,-1.238426864147186279e-01,-2.209150046110153198e-02,-5.388591811060905457e-02,1.741169989109039307e-01
8.445446938276290894e-02,2.359701991081237793e-01,-1.248160302639007568e-01,-2.267185039818286896e-02,-5.384254828095436096e-02,1.768341809511184692e-01
8.777586370706558228e-02,2.448677718639373779e-01,-1.257140338420867920e-01,-2.323481254279613495e-02,-5.377110838890075684e-02,1.794479191303253174e-01
9.105049073696136475e-02,2.539149224758148193e-01,-1.264775097370147705e-01,-2.380037680268287659e-02,-5.361896380782127380e-02,1.820176839828491211e-01
9.427691251039505005e-02,2.631296217441558838e-01,-1.271704137325286865e-01,-2.434876188635826111e-02,-5.344052612781524658e-02,1.844873279333114624e-01
9.743939340114593506e-02,2.724864482879638672e-01,-1.277255862951278687e-01,-2.489805780351161957e-02,-5.318068712949752808e-02,1.869050413370132446e-01
1.005372107028961182e-01,2.820060253143310547e-01,-1.282145380973815918e-01,-2.543045394122600555e-02,-5.289608612656593323e-02,1.892260760068893433e-01
1.035538986325263977e-01,2.916602194309234619e-01,-1.285636574029922485e-01,-2.596215344965457916e-02,-5.252998694777488708e-02,1.914881020784378052e-01
1.064894944429397583e-01,3.014718294143676758e-01,-1.288506686687469482e-01,-2.647721394896507263e-02,-5.214052274823188782e-02,1.936568468809127808e-01
1.093268021941184998e-01,3.114105463027954102e-01,-1.289967447519302368e-01,-2.699020132422447205e-02,-5.167003720998764038e-02,1.957603096961975098e-01
1.120667755603790283e-01,3.215011060237884521e-01,-1.290852278470993042e-01,-2.748665958642959595e-02,-5.117813497781753540e-02,1.977735310792922974e-01
1.146912202239036560e-01,3.317107260227203369e-01,-1.290312558412551880e-01,-2.797980420291423798e-02,-5.060514807701110840e-02,1.997163742780685425e-01
1.172017902135848999e-01,3.420657515525817871e-01,-1.289225071668624878e-01,-2.845684625208377838e-02,-5.001094564795494080e-02,2.015724033117294312e-01
1.195800676941871643e-01,3.525331616401672363e-01,-1.286744773387908936e-01,-2.892898768186569214e-02,-4.933881387114524841e-02,2.033528685569763184e-01
1.218286231160163879e-01,3.631395697593688965e-01,-1.283758580684661865e-01,-2.938517183065414429e-02,-4.864783212542533875e-02,2.050493806600570679e-01
1.239276826381683350e-01,3.738495707511901855e-01,-1.279359012842178345e-01,-2.983570285141468048e-02,-4.787850752472877502e-02,2.066667824983596802e-01
1.258808672428131104e-01,3.846917748451232910e-01,-1.274489313364028931e-01,-3.027042932808399200e-02,-4.709118977189064026e-02,2.082031220197677612e-01
1.276679188013076782e-01,3.956306278705596924e-01,-1.268245130777359009e-01,-3.069821186363697052e-02,-4.622863233089447021e-02,2.096569538116455078e-01
1.292932778596878052e-01,4.066943824291229248e-01,-1.261559724807739258e-01,-3.111046552658081055e-02,-4.534939303994178772e-02,2.110325396060943604e-01
1.307358294725418091e-01,4.178468286991119385e-01,-1.253516525030136108e-01,-3.151493147015571594e-02,-4.439694806933403015e-02,2.123229950666427612e-01
1.320015043020248413e-01,4.291174113750457764e-01,-1.245082989335060120e-01,-3.190388530492782593e-02,-4.343063756823539734e-02,2.135381698608398438e-01
1.330674588680267334e-01,4.404679536819458008e-01,-1.235288977622985840e-01,-3.228433430194854736e-02,-4.239150509238243103e-02,2.146658003330230713e-01
1.328744292259216309e-01,4.399492740631103516e-01,-1.261168569326400757e-01,-2.785608731210231781e-02,-4.416781663894653320e-02,2.157748192548751831e-01
1.326748579740524292e-01,4.388622045516967773e-01,-1.262094229459762573e-01,-2.512298338115215302e-02,-4.502760991454124451e-02,2.167914211750030518e-01
1.325116157531738281e-01,4.372509717941284180e-01,-1.242883875966072083e-01,-2.436925657093524933e-02,-4.469518363475799561e-02,2.176935970783233643e-01
1.323759555816650391e-01,4.361204504966735840e-01,-1.228083893656730652e-01,-2.408843114972114563e-02,-4.396129772067070007e-02,2.185143977403640747e-01
1.322848796844482422e-01,4.353575706481933594e-01,-1.213159114122390747e-01,-2.415757998824119568e-02,-4.292045906186103821e-02,2.192523330450057983e-01
1.321905851364135742e-01,4.346831142902374268e-01,-1.198357716202735901e-01,-2.433637715876102448e-02,-4.173171520233154297e-02,2.199101597070693970e-01
1.320861876010894775e-01,4.340253770351409912e-01,-1.183082759380340576e-01,-2.456985786557197571e-02,-4.044194892048835754e-02,2.204890996217727661e-01
1.319695860147476196e-01,4.333615005016326904e-01,-1.167162731289863586e-01,-2.483182959258556366e-02,-3.907616063952445984e-02,2.209901958703994751e-01
1.313848942518234253e-01,4.441430568695068359e-01,-1.116410940885543823e-01,-2.908102050423622131e-02,-3.544193506240844727e-02,2.213533073663711548e-01
1.310954242944717407e-01,4.412891268730163574e-01,-1.136685758829116821e-01,-2.632497809827327728e-02,-3.552652150392532349e-02,2.217465043067932129e-01
1.305589675903320312e-01,4.392499625682830811e-01,-1.153954789042472839e-01,-2.390542626380920410e-02,-3.550598397850990295e-02,2.221200317144393921e-01
1.305234283208847046e-01,4.370310604572296143e-01,-1.151000633835792542e-01,-2.262649312615394592e-02,-3.487607091665267944e-02,2.224300503730773926e-01
1.306028664112091064e-01,4.346725344657897949e-01,-1.130034998059272766e-01,-2.229462005198001862e-02,-3.376093134284019470e-02,2.226665318012237549e-01
1.304601281881332397e-01,4.314255714416503906e-01,-1.075002625584602356e-01,-2.368134073913097382e-02,-3.164933621883392334e-02,2.226602435111999512e-01
1.303641647100448608e-01,4.287409186363220215e-01,-1.028807163238525391e-01,-2.510743588209152222e-02,-2.947055920958518982e-02,2.226109653711318970e-01
1.304041147232055664e-01,4.270311594009399414e-01,-9.980683028697967529e-02,-2.635391801595687866e-02,-2.727332152426242828e-02,2.225056737661361694e-01
1.301552951335906982e-01,4.266738295555114746e-01,-9.913899004459381104e-02,-2.669780887663364410e-02,-2.531659230589866638e-02,2.222532778978347778e-01
1.298883706331253052e-01,4.258411526679992676e-01,-9.715493023395538330e-02,-2.714246138930320740e-02,-2.333820611238479614e-02,2.219745367765426636e-01
1.296041011810302734e-01,4.249307811260223389e-01,-9.492075443267822266e-02,-2.753289602696895599e-02,-2.139774709939956665e-02,2.216519862413406372e-01
1.264186799526214600e-01,4.361139833927154541e-01,-8.929703384637832642e-02,-3.136201947927474976e-02,-1.798494905233383179e-02,2.212072312831878662e-01
1.261052638292312622e-01,4.325754344463348389e-01,-8.994290232658386230e-02,-2.882892452180385590e-02,-1.730070263147354126e-02,2.208191603422164917e-01
1.253640353679656982e-01,4.298996627330780029e-01,-9.038378298282623291e-02,-2.661124616861343384e-02,-1.657367683947086334e-02,2.204513847827911377e-01
1.251720786094665527e-01,4.277116358280181885e-01,-9.018484503030776978e-02,-2.516090311110019684e-02,-1.545342896133661270e-02,2.200842052698135376e-01
1.252204328775405884e-01,4.250824749469757080e-01,-8.766747266054153442e-02,-2.487558871507644653e-02,-1.379745546728372574e-02,2.196319848299026489e-01
1.253633648157119751e-01,4.227161705493927002e-01,-8.490336686372756958e-02,-2.496254257857799530e-02,-1.199746225029230118e-02,2.191862463951110840e-01
1.255501210689544678e-01,4.205868542194366455e-01,-8.194456994533538818e-02,-2.537170425057411194e-02,-1.007920410484075546e-02,2.187403738498687744e-01
1.258548945188522339e-01,4.187973737716674805e-01,-7.868276536464691162e-02,-2.620066702365875244e-02,-7.966165430843830109e-03,2.182573974132537842e-01
1.254118531942367554e-01,4.165413081645965576e-01,-7.299574464559555054e-02,-2.801193110644817352e-02,-5.111628212034702301e-03,2.167727202177047729e-01
1.198258027434349060e-01,4.275212585926055908e-01,-6.663376837968826294e-02,-3.177279606461524963e-02,-2.050373703241348267e-03,2.154605239629745483e-01
1.194956749677658081e-01,4.235713481903076172e-01,-6.622221320867538452e-02,-2.984569594264030457e-02,-5.661572795361280441e-04,2.143909037113189697e-01
1.186175942420959473e-01,4.204079210758209229e-01,-6.571489572525024414e-02,-2.816040255129337311e-02,8.826493285596370697e-04,2.133730202913284302e-01
1.184446141123771667e-01,4.178782403469085693e-01,-6.457948684692382812e-02,-2.737528085708618164e-02,2.768226899206638336e-03,2.123844772577285767e-01
1.184904277324676514e-01,4.156437814235687256e-01,-6.302623450756072998e-02,-2.710486389696598053e-02,4.844526760280132294e-03,2.114274054765701294e-01
1.186631396412849426e-01,4.136232137680053711e-01,-6.104537099599838257e-02,-2.727718092501163483e-02,7.065467536449432373e-03,2.104918807744979858e-01
1.188904270529747009e-01,4.117604792118072510e-01,-5.867701023817062378e-02,-2.781075052917003632e-02,9.387122467160224915e-03,2.095696181058883667e-01
1.192293837666511536e-01,4.101233780384063721e-01,-5.570341646671295166e-02,-2.878586202859878540e-02,1.185566559433937073e-02,2.086163014173507690e-01
1.188172623515129089e-01,4.072019755840301514e-01,-4.833006486296653748e-02,-3.036538884043693542e-02,1.431491412222385406e-02,2.067012637853622437e-01
1.128614693880081177e-01,4.175448417663574219e-01,-4.152262210845947266e-02,-3.362281247973442078e-02,1.663838885724544525e-02,2.049600183963775635e-01
1.126782670617103577e-01,4.134613871574401855e-01,-4.045600071549415588e-02,-3.158221021294593811e-02,1.817965880036354065e-02,2.034675925970077515e-01
1.119563281536102295e-01,4.101476967334747314e-01,-3.933282196521759033e-02,-2.979832701385021210e-02,1.967700198292732239e-02,2.020485699176788330e-01
1.119499504566192627e-01,4.075190722942352295e-01,-3.777372092008590698e-02,-2.891907654702663422e-02,2.160572446882724762e-02,2.006746679544448853e-01
1.121717989444732666e-01,4.052092134952545166e-01,-3.591416403651237488e-02,-2.856472693383693695e-02,2.372230589389801025e-02,1.993473470211029053e-01
1.125330850481987000e-01,4.031350612640380859e-01,-3.372614085674285889e-02,-2.866753004491329193e-02,2.598053589463233948e-02,1.980535238981246948e-01
1.124127730727195740e-01,4.014653265476226807e-01,-3.141869604587554932e-02,-2.895241416990756989e-02,2.816401235759258270e-02,1.968192309141159058e-01
1.123727113008499146e-01,3.989343941211700439e-01,-2.572398632764816284e-02,-3.052754700183868408e-02,3.059060126543045044e-02,1.948395520448684692e-01
1.122657060623168945e-01,3.969500660896301270e-01,-2.103943563997745514e-02,-3.171386569738388062e-02,3.282999619841575623e-02,1.928823441267013550e-01
1.121170818805694580e-01,3.954875767230987549e-01,-1.750907301902770996e-02,-3.240893036127090454e-02,3.489466011524200439e-02,1.910099536180496216e-01
1.068847551941871643e-01,4.053741097450256348e-01,-1.209665182977914810e-02,-3.493452072143554688e-02,3.677932173013687134e-02,1.891160905361175537e-01
1.068849116563796997e-01,4.015400707721710205e-01,-1.102181803435087204e-02,-3.274501487612724304e-02,3.835726156830787659e-02,1.873648315668106079e-01
1.063769012689590454e-01,3.984016180038452148e-01,-9.894775226712226868e-03,-3.081651218235492706e-02,3.988277539610862732e-02,1.857026964426040649e-01
1.065714582800865173e-01,3.958998322486877441e-01,-8.326084353029727936e-03,-2.980854921042919159e-02,4.181139543652534485e-02,1.840839385986328125e-01
1.069966182112693787e-01,3.936775326728820801e-01,-6.443050689995288849e-03,-2.934556268155574799e-02,4.391017928719520569e-02,1.825121343135833740e-01
1.069519296288490295e-01,3.918611109256744385e-01,-4.427400417625904083e-03,-2.910096198320388794e-02,4.593273997306823730e-02,1.810130029916763306e-01
1.071260124444961548e-01,3.901914656162261963e-01,-1.937872264534235001e-03,-2.937332727015018463e-02,4.809299856424331665e-02,1.795056462287902832e-01
1.072645559906959534e-01,3.877713382244110107e-01,3.491301089525222778e-03,-3.089633211493492126e-02,5.012325942516326904e-02,1.771502047777175903e-01
1.073343083262443542e-01,3.858613967895507812e-01,7.948214188218116760e-03,-3.198094666004180908e-02,5.197371169924736023e-02,1.748618483543395996e-01
1.073613092303276062e-01,3.844315111637115479e-01,1.133383810520172119e-02,-3.253814950585365295e-02,5.369212478399276733e-02,1.727095991373062134e-01
1.023909375071525574e-01,3.930575251579284668e-01,1.678560674190521240e-02,-3.467586264014244080e-02,5.496339872479438782e-02,1.705972552299499512e-01
1.025084108114242554e-01,3.896108269691467285e-01,1.773253455758094788e-02,-3.260023891925811768e-02,5.642580986022949219e-02,1.686321198940277100e-01
1.020992770791053772e-01,3.867615163326263428e-01,1.874478347599506378e-02,-3.075574152171611786e-02,5.781178176403045654e-02,1.667666137218475342e-01
1.023952960968017578e-01,3.844648897647857666e-01,2.036827057600021362e-02,-2.989670820534229279e-02,5.958907306194305420e-02,1.649380326271057129e-01
1.028616428375244141e-01,3.823446929454803467e-01,2.236664667725563049e-02,-2.955263666808605194e-02,6.149143353104591370e-02,1.631564050912857056e-01
1.028281599283218384e-01,3.805502355098724365e-01,2.447568997740745544e-02,-2.937600575387477875e-02,6.328729540109634399e-02,1.614591032266616821e-01
1.030088663101196289e-01,3.788248896598815918e-01,2.727016806602478027e-02,-2.975182421505451202e-02,6.516686826944351196e-02,1.597055941820144653e-01
1.027889996767044067e-01,3.771303892135620117e-01,3.095964714884757996e-02,-3.054296039044857025e-02,6.648591160774230957e-02,1.573079377412796021e-01
1.022968962788581848e-01,3.751386702060699463e-01,3.543303534388542175e-02,-3.101342357695102692e-02,6.765262037515640259e-02,1.549234390258789062e-01
9.521985799074172974e-02,3.824403584003448486e-01,4.144077375531196594e-02,-3.245731815695762634e-02,6.760994344949722290e-02,1.526405513286590576e-01
9.533517807722091675e-02,3.794159889221191406e-01,4.220438376069068909e-02,-3.089641034603118896e-02,6.915870308876037598e-02,1.505567282438278198e-01
9.579480439424514771e-02,3.768833279609680176e-01,4.323276132345199585e-02,-2.993233315646648407e-02,7.088832557201385498e-02,1.485560685396194458e-01
9.561377018690109253e-02,3.747940063476562500e-01,4.440646618604660034e-02,-2.912631817162036896e-02,7.246876507997512817e-02,1.466535478830337524e-01
9.574347734451293945e-02,3.726927042007446289e-01,4.683244228363037109e-02,-2.911056391894817352e-02,7.408189773559570312e-02,1.447126418352127075e-01
9.593082964420318604e-02,3.705700635910034180e-01,5.004863813519477844e-02,-2.951365336775779724e-02,7.558952271938323975e-02,1.427267789840698242e-01
9.594285488128662109e-02,3.686881959438323975e-01,5.365498363971710205e-02,-3.002115711569786072e-02,7.681735605001449585e-02,1.406476944684982300e-01
9.512123465538024902e-02,3.673359453678131104e-01,5.614585056900978088e-02,-2.974114380776882172e-02,7.733055949211120605e-02,1.384261399507522583e-01
8.644528687000274658e-02,3.736658990383148193e-01,6.179600208997726440e-02,-3.016325645148754120e-02,7.608757168054580688e-02,1.362007111310958862e-01
8.655793219804763794e-02,3.710657060146331787e-01,6.231265887618064880e-02,-2.889258787035942078e-02,7.759786397218704224e-02,1.341502517461776733e-01
8.668135106563568115e-02,3.687359690666198730e-01,6.347977370023727417e-02,-2.819779142737388611e-02,7.903940230607986450e-02,1.321461349725723267e-01
8.652101457118988037e-02,3.663284480571746826e-01,6.593012809753417969e-02,-2.801355719566345215e-02,8.015971630811691284e-02,1.301116049289703369e-01
8.597876131534576416e-02,3.640157282352447510e-01,6.849385797977447510e-02,-2.776324748992919922e-02,8.093825727701187134e-02,1.280621290206909180e-01
8.498814702033996582e-02,3.619271814823150635e-01,7.086455076932907104e-02,-2.737652882933616638e-02,8.150768280029296875e-02,1.260316520929336548e-01
7.532348483800888062e-02,3.676296174526214600e-01,7.587406784296035767e-02,-2.735325694084167480e-02,7.978574186563491821e-02,1.239494159817695618e-01
7.494173198938369751e-02,3.650330603122711182e-01,7.650011777877807617e-02,-2.638289332389831543e-02,8.126529306173324585e-02,1.219901293516159058e-01
7.411927729845046997e-02,3.624636828899383545e-01,7.760830223560333252e-02,-2.570639178156852722e-02,8.224327862262725830e-02,1.200206056237220764e-01
7.286381721496582031e-02,3.596900999546051025e-01,7.964383065700531006e-02,-2.524017356336116791e-02,8.291646093130111694e-02,1.180501580238342285e-01
7.085184752941131592e-02,3.573277294635772705e-01,8.189630508422851562e-02,-2.477785944938659668e-02,8.325227349996566772e-02,1.160824671387672424e-01
6.050572171807289124e-02,3.624067902565002441e-01,8.660701662302017212e-02,-2.457385696470737457e-02,8.130206167697906494e-02,1.140647083520889282e-01
6.000635772943496704e-02,3.601793050765991211e-01,8.715257793664932251e-02,-2.404502220451831818e-02,8.289241045713424683e-02,1.121644973754882812e-01
5.835728719830513000e-02,3.572531342506408691e-01,8.805447816848754883e-02,-2.318494766950607300e-02,8.352687954902648926e-02,1.102591678500175476e-01
5.611309781670570374e-02,3.542853295803070068e-01,8.996725827455520630e-02,-2.260679006576538086e-02,8.383834362030029297e-02,1.083532124757766724e-01
4.531947150826454163e-02,3.588415384292602539e-01,9.449333697557449341e-02,-2.226591296494007111e-02,8.168981224298477173e-02,1.063936203718185425e-01
4.474116489291191101e-02,3.568443059921264648e-01,9.494269639253616333e-02,-2.202565968036651611e-02,8.329683542251586914e-02,1.045509055256843567e-01
4.253789782524108887e-02,3.536214828491210938e-01,9.574039280414581299e-02,-2.105780318379402161e-02,8.366408944129943848e-02,1.027071774005889893e-01
3.147371113300323486e-02,3.578279316425323486e-01,1.000098884105682373e-01,-2.054111286997795105e-02,8.141072839498519897e-02,1.008005365729331970e-01
3.086522594094276428e-02,3.556718230247497559e-01,1.002712622284889221e-01,-2.036306448280811310e-02,8.300226181745529175e-02,9.901043027639389038e-02
2.844895049929618835e-02,3.520821332931518555e-01,1.010553240776062012e-01,-1.937529072165489197e-02,8.324360102415084839e-02,9.721965342760086060e-02
2.504906430840492249e-02,3.491637110710144043e-01,1.021013334393501282e-01,-1.846178248524665833e-02,8.322710543870925903e-02,9.551084041595458984e-02
1.368165761232376099e-02,3.526758849620819092e-01,1.066711544990539551e-01,-1.801807992160320282e-02,8.066056668758392334e-02,9.363527595996856689e-02
1.298302039504051208e-02,3.511883020401000977e-01,1.069493740797042847e-01,-1.824709028005599976e-02,8.213628083467483521e-02,9.189512580633163452e-02
9.923172183334827423e-03,3.475408554077148438e-01,1.076608225703239441e-01,-1.714447885751724243e-02,8.199889212846755981e-02,9.016880393028259277e-02
-1.599261537194252014e-03,3.509238064289093018e-01,1.114147230982780457e-01,-1.630757562816143036e-02,7.932654768228530884e-02,8.839353919029235840e-02
-2.326380927115678787e-03,3.495061397552490234e-01,1.114835962653160095e-01,-1.656746864318847656e-02,8.076641708612442017e-02,8.673118799924850464e-02
-5.609492771327495575e-03,3.456457555294036865e-01,1.121297851204872131e-01,-1.540684606879949570e-02,8.048533648252487183e-02,8.507673442363739014e-02
-1.724055223166942596e-02,3.486819565296173096e-01,1.156695857644081116e-01,-1.443961076438426971e-02,7.767502963542938232e-02,8.336973935365676880e-02
-1.800043880939483643e-02,3.474514782428741455e-01,1.156055554747581482e-01,-1.481410115957260132e-02,7.902273535728454590e-02,8.177164196968078613e-02
-2.164957113564014435e-02,3.435429036617279053e-01,1.162509769201278687e-01,-1.361726969480514526e-02,7.852347195148468018e-02,8.018153905868530273e-02
-3.333909809589385986e-02,3.462520837783813477e-01,1.195465400815010071e-01,-1.252827048301696777e-02,7.558865845203399658e-02,7.854257524013519287e-02
-3.398231789469718933e-02,3.452093303203582764e-01,1.193068176507949829e-01,-1.303974818438291550e-02,7.689119875431060791e-02,7.700926065444946289e-02
-3.817046806216239929e-02,3.414382040500640869e-01,1.200245544314384460e-01,-1.180252153426408768e-02,7.610222697257995605e-02,7.548317313194274902e-02
-4.986761510372161865e-02,3.438414633274078369e-01,1.230439394712448120e-01,-1.059184875339269638e-02,7.306694984436035156e-02,7.391467690467834473e-02
-5.168369039893150330e-02,3.429565429687500000e-01,1.226308271288871765e-01,-1.084100082516670227e-02,7.383998483419418335e-02,7.244642078876495361e-02
-6.334234774112701416e-02,3.452509641647338867e-01,1.252106428146362305e-01,-9.395049884915351868e-03,7.091419398784637451e-02,7.093424350023269653e-02
-6.409983336925506592e-02,3.440206646919250488e-01,1.245480701327323914e-01,-9.818962775170803070e-03,7.204652577638626099e-02,6.952004134654998779e-02
-6.787130981683731079e-02,3.394711017608642578e-01,1.251431852579116821e-01,-8.664806373417377472e-03,7.128691673278808594e-02,6.811321526765823364e-02
-7.946632057428359985e-02,3.412878513336181641e-01,1.279609501361846924e-01,-7.351280655711889267e-03,6.808404624462127686e-02,6.665994226932525635e-02
-8.122515678405761719e-02,3.405105471611022949e-01,1.271923780441284180e-01,-7.668212987482547760e-03,6.862562894821166992e-02,6.530430912971496582e-02
-9.273008257150650024e-02,3.421919941902160645e-01,1.296768784523010254e-01,-6.156689487397670746e-03,6.553861498832702637e-02,6.390809267759323120e-02
-9.348484873771667480e-02,3.411780893802642822e-01,1.287620216608047485e-01,-6.667432375252246857e-03,6.640981137752532959e-02,6.260592490434646606e-02
-9.742895513772964478e-02,3.364991545677185059e-01,1.293265968561172485e-01,-5.534226074814796448e-03,6.538350135087966919e-02,6.131280958652496338e-02
-1.087901666760444641e-01,3.378055095672607422e-01,1.318297237157821655e-01,-4.109954461455345154e-03,6.205442175269126892e-02,5.997719988226890564e-02
-1.200535818934440613e-01,3.395447134971618652e-01,1.328454613685607910e-01,-2.654983196407556534e-03,5.937252938747406006e-02,5.869182199239730835e-02
-1.207872405648231506e-01,3.387426733970642090e-01,1.315928101539611816e-01,-3.507362678647041321e-03,6.042362749576568604e-02,5.748463422060012817e-02
-1.248239800333976746e-01,3.340987265110015869e-01,1.319707632064819336e-01,-2.602507127448916435e-03,5.945592001080513000e-02,5.628335475921630859e-02
-1.358993798494338989e-01,3.350322544574737549e-01,1.341963410377502441e-01,-1.256892108358442783e-03,5.623897165060043335e-02,5.504095181822776794e-02
-1.468606293201446533e-01,3.363728225231170654e-01,1.350191235542297363e-01,1.182766864076256752e-04,5.358162894845008850e-02,5.384622886776924133e-02
-1.475996673107147217e-01,3.358657658100128174e-01,1.336174011230468750e-01,-8.620994631201028824e-04,5.447148159146308899e-02,5.272373929619789124e-02
-1.519587337970733643e-01,3.314734399318695068e-01,1.339468955993652344e-01,3.662076778709888458e-06,5.328229069709777832e-02,5.160722136497497559e-02
-1.626719385385513306e-01,3.320621550083160400e-01,1.358809173107147217e-01,1.358715235255658627e-03,5.009016767144203186e-02,5.045552551746368408e-02
-1.732546389102935791e-01,3.330255448818206787e-01,1.365153044462203979e-01,2.705858089029788971e-03,4.740956053137779236e-02,4.934850707650184631e-02
-1.750846207141876221e-01,3.326928913593292236e-01,1.345940083265304565e-01,2.091121394187211990e-03,4.769202321767807007e-02,4.830739647150039673e-02
-1.854609102010726929e-01,3.329011499881744385e-01,1.366615891456604004e-01,3.337021451443433762e-03,4.481763765215873718e-02,4.722910374402999878e-02
-1.862887144088745117e-01,3.325233757495880127e-01,1.350664943456649780e-01,2.573670586571097374e-03,4.511689394712448120e-02,4.622460901737213135e-02
-1.905714869499206543e-01,3.280876874923706055e-01,1.354659795761108398e-01,3.449958981946110725e-03,4.359764233231544495e-02,4.522875323891639709e-02
-2.006021887063980103e-01,3.281396925449371338e-01,1.371281892061233521e-01,4.876024089753627777e-03,4.033108428120613098e-02,4.420246556401252747e-02
-2.104776948690414429e-01,3.285657465457916260e-01,1.375181376934051514e-01,6.238632835447788239e-03,3.754901140928268433e-02,4.321716353297233582e-02
-2.202042043209075928e-01,3.289889991283416748e-01,1.376464366912841797e-01,7.364809047430753708e-03,3.513631969690322876e-02,4.225904867053031921e-02
-2.230542004108428955e-01,3.248998224735260010e-01,1.417222321033477783e-01,6.064719520509243011e-03,3.534021228551864624e-02,4.134009033441543579e-02
-2.324919253587722778e-01,3.264767229557037354e-01,1.382432579994201660e-01,8.233575150370597839e-03,3.219256177544593811e-02,4.041938483715057373e-02
-2.417862415313720703e-01,3.268828690052032471e-01,1.376411467790603638e-01,9.321724995970726013e-03,2.973268553614616394e-02,3.951169550418853760e-02
-2.446479052305221558e-01,3.228755593299865723e-01,1.414038836956024170e-01,7.996065542101860046e-03,2.975979633629322052e-02,3.863965347409248352e-02
-2.536342442035675049e-01,3.241918385028839111e-01,1.378686428070068359e-01,1.001746393740177155e-02,2.667237445712089539e-02,3.776826709508895874e-02
-2.624673843383789062e-01,3.243617117404937744e-01,1.371578425168991089e-01,1.101092994213104248e-02,2.423498593270778656e-02,3.690881282091140747e-02
-2.711345553398132324e-01,3.242877423763275146e-01,1.368576288223266602e-01,1.175426784902811050e-02,2.205406688153743744e-02,3.606799617409706116e-02
-2.796320617198944092e-01,3.241143226623535156e-01,1.365848481655120850e-01,1.239464804530143738e-02,2.000374905765056610e-02,3.524412214756011963e-02
-2.879573404788970947e-01,3.238646090030670166e-01,1.362810730934143066e-01,1.297188363969326019e-02,1.802802644670009613e-02,3.443553298711776733e-02
-2.961077690124511719e-01,3.235428035259246826e-01,1.359387934207916260e-01,1.350378338247537613e-02,1.609609462320804596e-02,3.364101797342300415e-02
-3.040806353092193604e-01,3.231502473354339600e-01,1.355581432580947876e-01,1.400109659880399704e-02,1.418984960764646530e-02,3.285969048738479614e-02
-3.118731975555419922e-01,3.226879239082336426e-01,1.351401507854461670e-01,1.447083894163370132e-02,1.229860354214906693e-02,3.209081664681434631e-02
-3.194826841354370117e-01,3.221568465232849121e-01,1.346856802701950073e-01,1.491765957325696945e-02,1.041615754365921021e-02,3.133375570178031921e-02
-3.269063830375671387e-01,3.215580880641937256e-01,1.341954618692398071e-01,1.534453686326742172e-02,8.539123460650444031e-03,3.058784268796443939e-02
-3.341415524482727051e-01,3.208927214145660400e-01,1.336700618267059326e-01,1.575336977839469910e-02,6.665867753326892853e-03,2.985248155891895294e-02
-3.411855995655059814e-01,3.201618194580078125e-01,1.331100612878799438e-01,1.614529453217983246e-02,4.795861896127462387e-03,2.912702783942222595e-02
-3.480359613895416260e-01,3.193664550781250000e-01,1.325158774852752686e-01,1.652095466852188110e-02,2.929242327809333801e-03,2.841085381805896759e-02
-3.546901345252990723e-01,3.185077011585235596e-01,1.318879425525665283e-01,1.688067987561225891e-02,1.066617434844374657e-03,2.770329266786575317e-02
-3.611457049846649170e-01,3.175865709781646729e-01,1.312266737222671509e-01,1.722452230751514435e-02,-7.911439752206206322e-04,2.700368501245975494e-02
-3.674003779888153076e-01,3.166040480136871338e-01,1.305324435234069824e-01,1.755244098603725433e-02,-2.643003361299633980e-03,2.631135843694210052e-02
-3.734519183635711670e-01,3.155611157417297363e-01,1.298056244850158691e-01,1.786428131163120270e-02,-4.487778060138225555e-03,2.562563680112361908e-02
-3.792981803417205811e-01,3.144586980342864990e-01,1.290466338396072388e-01,1.815982349216938019e-02,-6.324229761958122253e-03,2.494583278894424438e-02
-3.849371075630187988e-01,3.132976889610290527e-01,1.282558143138885498e-01,1.843881979584693909e-02,-8.151073940098285675e-03,2.427125908434391022e-02
-3.903667330741882324e-01,3.120789527893066406e-01,1.274335533380508423e-01,1.870099268853664398e-02,-9.966997429728507996e-03,2.360121160745620728e-02
-3.955851793289184570e-01,3.108032941818237305e-01,1.265802085399627686e-01,1.894606649875640869e-02,-1.177067309617996216e-02,2.293497510254383087e-02
-4.005906581878662109e-01,3.094714879989624023e-01,1.256961524486541748e-01,1.917374320328235626e-02,-1.356076356023550034e-02,2.227184921503067017e-02
-4.053815305233001709e-01,3.080842792987823486e-01,1.247817873954772949e-01,1.938370615243911743e-02,-1.533590909093618393e-02,2.161110937595367432e-02
-4.099561572074890137e-01,3.066423237323760986e-01,1.238374933600425720e-01,1.957564987242221832e-02,-1.709475554525852203e-02,2.095204032957553864e-02
-4.143130779266357422e-01,3.051463067531585693e-01,1.228635981678962708e-01,1.974928937852382660e-02,-1.883594319224357605e-02,2.029391378164291382e-02
-4.184508621692657471e-01,3.035968542098999023e-01,1.218605041503906250e-01,1.990432292222976685e-02,-2.055815607309341431e-02,1.963599957525730133e-02
-4.223682284355163574e-01,3.019945025444030762e-01,1.208286136388778687e-01,2.004044502973556519e-02,-2.226003259420394897e-02,1.897757127881050110e-02
-4.260639548301696777e-01,3.003397881984710693e-01,1.197682619094848633e-01,2.015737444162368774e-02,-2.394021488726139069e-02,1.831789128482341766e-02
-4.295369088649749756e-01,2.986331582069396973e-01,1.186798661947250366e-01,2.025481685996055603e-02,-2.559739910066127777e-02,1.765623502433300018e-02
-4.327861070632934570e-01,2.968750894069671631e-01,1.175637915730476379e-01,2.033251523971557617e-02,-2.723024785518646240e-02,1.699186861515045166e-02
-4.358106255531311035e-01,2.950659394264221191e-01,1.164204031229019165e-01,2.039018459618091583e-02,-2.883743122220039368e-02,1.632404513657093048e-02
-4.386096298694610596e-01,2.932060658931732178e-01,1.152501106262207031e-01,2.042755484580993652e-02,-3.041763417422771454e-02,1.565204374492168427e-02
-4.411824047565460205e-01,2.912957668304443359e-01,1.140532717108726501e-01,2.044435776770114899e-02,-3.196958079934120178e-02,1.497512776404619217e-02
-4.435283243656158447e-01,2.893353104591369629e-01,1.128302663564682007e-01,2.044034376740455627e-02,-3.349195048213005066e-02,1.429256703704595566e-02
-4.456468522548675537e-01,2.873249053955078125e-01,1.115814819931983948e-01,2.041526325047016144e-02,-3.498348221182823181e-02,1.360363233834505081e-02
-4.475375711917877197e-01,2.852647006511688232e-01,1.103073209524154663e-01,2.036886848509311676e-02,-3.644289076328277588e-02,1.290759630501270294e-02
-4.492001235485076904e-01,2.831548154354095459e-01,1.090081483125686646e-01,2.030091360211372375e-02,-3.786893188953399658e-02,1.220373343676328659e-02
-4.506343007087707520e-01,2.809953391551971436e-01,1.076843291521072388e-01,2.021118067204952240e-02,-3.926035389304161072e-02,1.149131823331117630e-02
-4.518399536609649658e-01,2.787862718105316162e-01,1.063362732529640198e-01,2.009944617748260498e-02,-4.061592370271682739e-02,1.076965034008026123e-02
-4.528170526027679443e-01,2.765276134014129639e-01,1.049643456935882568e-01,1.996546797454357147e-02,-4.193443804979324341e-02,1.003800891339778900e-02
-4.535656571388244629e-01,2.742193043231964111e-01,1.035689339041709900e-01,1.980907656252384186e-02,-4.321468994021415710e-02,9.295707568526268005e-03
-4.540859162807464600e-01,2.718612551689147949e-01,1.021504327654838562e-01,1.963004283607006073e-02,-4.445548728108406067e-02,8.542021736502647400e-03
-4.543780684471130371e-01,2.694532871246337891e-01,1.007091924548149109e-01,1.942819729447364807e-02,-4.565568268299102783e-02,7.776267360895872116e-03
-4.544425010681152344e-01,2.669952213764190674e-01,9.924561530351638794e-02,1.920332014560699463e-02,-4.681409150362014771e-02,6.997762713581323624e-03
-4.542796313762664795e-01,2.644867897033691406e-01,9.776008129119873047e-02,1.895525865256786346e-02,-4.792959988117218018e-02,6.205828860402107239e-03
-4.538900256156921387e-01,2.619277238845825195e-01,9.625297784805297852e-02,1.868382655084133148e-02,-4.900108277797698975e-02,5.399789661169052124e-03
-4.532743096351623535e-01,2.593176960945129395e-01,9.472468495368957520e-02,1.838886365294456482e-02,-5.002745240926742554e-02,4.578993190079927444e-03
-4.524331986904144287e-01,2.566563189029693604e-01,9.317556768655776978e-02,1.807021535933017731e-02,-5.100762471556663513e-02,3.742794273421168327e-03
-4.513675570487976074e-01,2.539432048797607422e-01,9.160600602626800537e-02,1.772774569690227509e-02,-5.194056406617164612e-02,2.890538191422820091e-03
-4.500783085823059082e-01,2.511778473854064941e-01,9.001641720533370972e-02,1.736130192875862122e-02,-5.282523110508918762e-02,2.021597698330879211e-03
-4.485664367675781250e-01,2.483597844839096069e-01,8.840712904930114746e-02,1.697076112031936646e-02,-5.366060882806777954e-02,1.135344500653445721e-03
-4.468330740928649902e-01,2.454884648323059082e-01,8.677856624126434326e-02,1.655601151287555695e-02,-5.444570258259773254e-02,2.311872085556387901e-04
-4.448794126510620117e-01,2.425633072853088379e-01,8.513106405735015869e-02,1.611693389713764191e-02,-5.517956614494323730e-02,-6.914887926541268826e-04
-4.427067637443542480e-01,2.395836710929870605e-01,8.346503973007202148e-02,1.565342769026756287e-02,-5.586121976375579834e-02,-1.633254578337073326e-03
-4.403164982795715332e-01,2.365488857030868530e-01,8.178087323904037476e-02,1.516541093587875366e-02,-5.648978427052497864e-02,-2.594691934064030647e-03
-4.377100765705108643e-01,2.334582507610321045e-01,8.007891476154327393e-02,1.465278770774602890e-02,-5.706436559557914734e-02,-3.576350864022970200e-03
-4.348890781402587891e-01,2.303110212087631226e-01,7.835957407951354980e-02,1.411548256874084473e-02,-5.758408084511756897e-02,-4.578784108161926270e-03
-4.318551421165466309e-01,2.271064072847366333e-01,7.662321627140045166e-02,1.355345640331506729e-02,-5.804811045527458191e-02,-5.602512508630752563e-03
-4.286099970340728760e-01,2.238435894250869751e-01,7.487022131681442261e-02,1.296662539243698120e-02,-5.845560505986213684e-02,-6.648063194006681442e-03
-4.251554608345031738e-01,2.205217182636260986e-01,7.310096174478530884e-02,1.235495787113904953e-02,-5.880579724907875061e-02,-7.715929299592971802e-03
-4.214934408664703369e-01,2.171398848295211792e-01,7.131583243608474731e-02,1.171841286122798920e-02,-5.909795314073562622e-02,-8.806586265563964844e-03
-4.176259338855743408e-01,2.136971652507781982e-01,6.951519101858139038e-02,1.105698477476835251e-02,-5.933130532503128052e-02,-9.920511394739151001e-03
-4.135549962520599365e-01,2.101925760507583618e-01,6.769945472478866577e-02,1.037064194679260254e-02,-5.950516462326049805e-02,-1.105814427137374878e-02
-4.092827737331390381e-01,2.066251337528228760e-01,6.586897373199462891e-02,9.659396484494209290e-03,-5.961887910962104797e-02,-1.221993099898099899e-02
-4.048115015029907227e-01,2.029937952756881714e-01,6.402413547039031982e-02,8.923255838453769684e-03,-5.967178940773010254e-02,-1.340629346668720245e-02
-4.001434743404388428e-01,1.992974877357482910e-01,6.216533854603767395e-02,8.162218146026134491e-03,-5.966329202055931091e-02,-1.461760140955448151e-02
-3.952810466289520264e-01,1.955351382493972778e-01,6.029293313622474670e-02,7.376330904662609100e-03,-5.959281325340270996e-02,-1.585425063967704773e-02
-3.902267217636108398e-01,1.917055994272232056e-01,5.840731784701347351e-02,6.565636955201625824e-03,-5.945980176329612732e-02,-1.711659692227840424e-02
-3.849830031394958496e-01,1.878077089786529541e-01,5.650889128446578979e-02,5.730156786739826202e-03,-5.926375463604927063e-02,-1.840498670935630798e-02
-3.795524835586547852e-01,1.838402897119522095e-01,5.459800735116004944e-02,4.869993776082992554e-03,-5.900416150689125061e-02,-1.971973665058612823e-02
-3.739378452301025391e-01,1.798021197319030762e-01,5.267509818077087402e-02,3.985186573117971420e-03,-5.868058279156684875e-02,-2.106115408241748810e-02
-3.681418001651763916e-01,1.756919771432876587e-01,5.074049904942512512e-02,3.075836459174752235e-03,-5.829260125756263733e-02,-2.242950536310672760e-02
-3.621671795845031738e-01,1.715085804462432861e-01,4.879460111260414124e-02,2.142027951776981354e-03,-5.783986300230026245e-02,-2.382505126297473907e-02
-3.560168147087097168e-01,1.672506481409072876e-01,4.683782160282135010e-02,1.183859771117568016e-03,-5.732201039791107178e-02,-2.524802833795547485e-02
-3.496936559677124023e-01,1.629168540239334106e-01,4.487053677439689636e-02,2.014595083892345428e-04,-5.673873052000999451e-02,-2.669863775372505188e-02
-3.432006835937500000e-01,1.585058718919754028e-01,4.289313778281211853e-02,-8.050039177760481834e-04,-5.608972907066345215e-02,-2.817709185183048248e-02
-3.365409672260284424e-01,1.540163457393646240e-01,4.090599715709686279e-02,-1.835449831560254097e-03,-5.537478253245353699e-02,-2.968355268239974976e-02
-3.297176063060760498e-01,1.494468897581100464e-01,3.890953958034515381e-02,-2.889693714678287506e-03,-5.459368973970413208e-02,-3.121817484498023987e-02
-3.227337598800659180e-01,1.447961181402206421e-01,3.690414130687713623e-02,-3.967578057199716568e-03,-5.374627560377120972e-02,-3.278107568621635437e-02
-3.155926465988159180e-01,1.400626003742218018e-01,3.489020839333534241e-02,-5.068931728601455688e-03,-5.283239483833312988e-02,-3.437234833836555481e-02
-3.082975149154663086e-01,1.352449357509613037e-01,3.286812081933021545e-02,-6.193555891513824463e-03,-5.185195058584213257e-02,-3.599208220839500427e-02
-3.008521497249603271e-01,1.305726617574691772e-01,3.040739335119724274e-02,-7.291566580533981323e-03,-5.082698166370391846e-02,-3.763932362198829651e-02
-2.932630479335784912e-01,1.269393414258956909e-01,2.594967372715473175e-02,-8.212276734411716461e-03,-4.982466995716094971e-02,-3.931128606200218201e-02
-2.855398356914520264e-01,1.235397309064865112e-01,2.150662615895271301e-02,-9.302460588514804840e-03,-4.869204759597778320e-02,-4.101527482271194458e-02
-2.776854634284973145e-01,1.203463971614837646e-01,1.711812056601047516e-02,-1.051488332450389862e-02,-4.744376242160797119e-02,-4.274993762373924255e-02
-2.697025835514068604e-01,1.173485741019248962e-01,1.278348825871944427e-02,-1.181478425860404968e-02,-4.609388485550880432e-02,-4.451430216431617737e-02
-2.615938782691955566e-01,1.145366206765174866e-01,8.500723168253898621e-03,-1.318042166531085968e-02,-4.465250298380851746e-02,-4.630777612328529358e-02
-2.533620297908782959e-01,1.119015514850616455e-01,4.267566371709108353e-03,-1.459815073758363724e-02,-4.312674328684806824e-02,-4.812990501523017883e-02
-2.450098097324371338e-01,1.094349101185798645e-01,8.167373016476631165e-05,-1.605927757918834686e-02,-4.152162373065948486e-02,-4.998037591576576233e-02
-2.365400642156600952e-01,1.071287170052528381e-01,-4.059275612235069275e-03,-1.755824312567710876e-02,-3.984065726399421692e-02,-5.185894668102264404e-02
-2.279557436704635620e-01,1.049754172563552856e-01,-8.157588541507720947e-03,-1.909144967794418335e-02,-3.808636590838432312e-02,-5.376534163951873779e-02
-2.192599028348922729e-01,1.029678210616111755e-01,-1.221543177962303162e-02,-2.065644785761833191e-02,-3.626056388020515442e-02,-5.569932237267494202e-02
-2.104556858539581299e-01,1.010991036891937256e-01,-1.623491384088993073e-02,-2.225152403116226196e-02,-3.436461091041564941e-02,-5.766064301133155823e-02
-2.015463411808013916e-01,9.936276823282241821e-02,-2.021802403032779694e-02,-2.387549728155136108e-02,-3.239960223436355591e-02,-5.964903160929679871e-02
-1.925351917743682861e-01,9.775260090827941895e-02,-2.416659705340862274e-02,-2.552751451730728149e-02,-3.036645054817199707e-02,-6.166421622037887573e-02
-1.834256500005722046e-01,9.626269340515136719e-02,-2.808240056037902832e-02,-2.720682322978973389e-02,-2.826594375073909760e-02,-6.370584666728973389e-02
-1.743785440921783447e-01,9.488812834024429321e-02,-3.195871040225028992e-02,-2.886379510164260864e-02,-2.614398673176765442e-02,-6.577401608228683472e-02
-1.657733619213104248e-01,9.362742304801940918e-02,-3.578354045748710632e-02,-3.039667196571826935e-02,-2.409556694328784943e-02,-6.786889582872390747e-02
-1.575859636068344116e-01,9.248025715351104736e-02,-3.957336395978927612e-02,-3.186390548944473267e-02,-2.206838317215442657e-02,-6.998919695615768433e-02
-1.497941017150878906e-01,9.144159406423568726e-02,-4.333230108022689819e-02,-3.330450132489204407e-02,-2.002732083201408386e-02,-7.213422656059265137e-02
-1.423770785331726074e-01,9.050614386796951294e-02,-4.706324264407157898e-02,-3.474337980151176453e-02,-1.795011013746261597e-02,-7.430341094732284546e-02
-1.353155672550201416e-01,8.966868370771408081e-02,-5.076851323246955872e-02,-3.619619086384773254e-02,-1.582285948097705841e-02,-7.649635523557662964e-02
-1.285914182662963867e-01,8.892408013343811035e-02,-5.444996058940887451e-02,-3.767267614603042603e-02,-1.363711152225732803e-02,-7.871259748935699463e-02
-1.221875473856925964e-01,8.826737850904464722e-02,-5.810908973217010498e-02,-3.917885199189186096e-02,-1.138794515281915665e-02,-8.095166087150573730e-02
-1.160878688097000122e-01,8.769380301237106323e-02,-6.174715235829353333e-02,-4.071813076734542847e-02,-9.072711691260337830e-03,-8.321299403905868530e-02
-1.102771759033203125e-01,8.719880878925323486e-02,-6.536523252725601196e-02,-4.229239001870155334e-02,-6.690221372991800308e-03,-8.549606055021286011e-02
-1.047411113977432251e-01,8.677806705236434937e-02,-6.896428018808364868e-02,-4.390252754092216492e-02,-4.240231588482856750e-03,-8.780027925968170166e-02
-9.946608543395996094e-02,8.642742037773132324e-02,-7.254502177238464355e-02,-4.554872587323188782e-02,-1.723044086247682571e-03,-9.012500941753387451e-02
-9.443925321102142334e-02,8.614291250705718994e-02,-7.610809803009033203e-02,-4.723082855343818665e-02,8.606973569840192795e-04,-9.246964752674102783e-02
-8.964844793081283569e-02,8.592081069946289062e-02,-7.965408265590667725e-02,-4.894836619496345520e-02,3.510117996484041214e-03,-9.483348578214645386e-02
-8.508213609457015991e-02,8.575755357742309570e-02,-8.318345993757247925e-02,-5.070073530077934265e-02,6.224128417670726776e-03,-9.721581637859344482e-02
-8.072941005229949951e-02,8.564972877502441406e-02,-8.669653534889221191e-02,-5.248720571398735046e-02,9.001486003398895264e-03,-9.961588680744171143e-02
-7.657920569181442261e-02,8.534376323223114014e-02,-8.972603082656860352e-02,-5.433614179491996765e-02,1.185137126594781876e-02,-1.020341366529464722e-01
-7.262013852596282959e-02,8.459819108247756958e-02,-9.194499999284744263e-02,-5.622931942343711853e-02,1.476360764354467392e-02,-1.044699698686599731e-01
-6.884204596281051636e-02,8.366846293210983276e-02,-9.403578191995620728e-02,-5.807407200336456299e-02,1.769959926605224609e-02,-1.069197654724121094e-01
-6.523553282022476196e-02,8.259156346321105957e-02,-9.609920531511306763e-02,-5.988338589668273926e-02,2.066187560558319092e-02,-1.093828007578849792e-01
-6.179182603955268860e-02,8.137226849794387817e-02,-9.815064072608947754e-02,-6.167563050985336304e-02,2.365666814148426056e-02,-1.118586510419845581e-01
-5.850271135568618774e-02,8.001043647527694702e-02,-1.001925021409988403e-01,-6.346359103918075562e-02,2.668868005275726318e-02,-1.143467202782630920e-01
-5.527085810899734497e-02,7.850414514541625977e-02,-1.022258549928665161e-01,-6.528296321630477905e-02,2.979167923331260681e-02,-1.168459728360176086e-01
-5.202390626072883606e-02,7.685153186321258545e-02,-1.042511984705924988e-01,-6.714937090873718262e-02,3.297924622893333435e-02,-1.193556487560272217e-01
-4.876604303717613220e-02,7.505133748054504395e-02,-1.062678769230842590e-01,-6.904894858598709106e-02,3.623331338167190552e-02,-1.218750178813934326e-01
-4.550133273005485535e-02,7.310227304697036743e-02,-1.082747876644134521e-01,-7.097209990024566650e-02,3.954186663031578064e-02,-1.244031861424446106e-01
-4.223375394940376282e-02,7.100321352481842041e-02,-1.102709174156188965e-01,-7.291206717491149902e-02,4.289671033620834351e-02,-1.269390881061553955e-01
-3.896721452474594116e-02,6.875316798686981201e-02,-1.122554019093513489e-01,-7.486418634653091431e-02,4.629205912351608276e-02,-1.294817030429840088e-01
-3.570557385683059692e-02,6.635127961635589600e-02,-1.142274737358093262e-01,-7.682499289512634277e-02,4.972360655665397644e-02,-1.320299208164215088e-01
-3.245264291763305664e-02,6.379678845405578613e-02,-1.161864250898361206e-01,-7.879190891981124878e-02,5.318804085254669189e-02,-1.345825791358947754e-01
-2.921220287680625916e-02,6.108899042010307312e-02,-1.181315705180168152e-01,-8.076299726963043213e-02,5.668261274695396423e-02,-1.371386051177978516e-01
-2.598799392580986023e-02,5.822728201746940613e-02,-1.200622469186782837e-01,-8.273665606975555420e-02,6.020486727356910706e-02,-1.396967768669128418e-01
-2.278372272849082947e-02,5.521114170551300049e-02,-1.219778731465339661e-01,-8.471152931451797485e-02,6.375262886285781860e-02,-1.422558724880218506e-01
-1.960306614637374878e-02,5.204008519649505615e-02,-1.238777711987495422e-01,-8.668641000986099243e-02,6.732384860515594482e-02,-1.448147743940353394e-01
-1.644966378808021545e-02,4.871372878551483154e-02,-1.257613450288772583e-01,-8.866023272275924683e-02,7.091648876667022705e-02,-1.473721712827682495e-01
-1.332712080329656601e-02,4.523173347115516663e-02,-1.276279687881469727e-01,-9.063194692134857178e-02,7.452859729528427124e-02,-1.499268114566802979e-01
-1.023900788277387619e-02,4.159383103251457214e-02,-1.294769793748855591e-01,-9.260064363479614258e-02,7.815818488597869873e-02,-1.524774283170700073e-01
-7.188863120973110199e-03,3.779983147978782654e-02,-1.313077956438064575e-01,-9.456525743007659912e-02,8.180332928895950317e-02,-1.550227105617523193e-01
-4.180179908871650696e-03,3.384959325194358826e-02,-1.331197470426559448e-01,-9.652489423751831055e-02,8.546206355094909668e-02,-1.575614064931869507e-01
-1.216419972479343414e-03,2.974307537078857422e-02,-1.349122375249862671e-01,-9.847856312990188599e-02,8.913234621286392212e-02,-1.600921303033828735e-01
1.699004555121064186e-03,2.548027411103248596e-02,-1.366846114397048950e-01,-1.004252880811691284e-01,9.281218796968460083e-02,-1.626134812831878662e-01
4.562713205814361572e-03,2.106126397848129272e-02,-1.384361833333969116e-01,-1.023641526699066162e-01,9.649956226348876953e-02,-1.651241779327392578e-01
7.371375802904367447e-03,1.648623496294021606e-02,-1.401664018630981445e-01,-1.042942032217979431e-01,1.001923978328704834e-01,-1.676228344440460205e-01
1.012170128524303436e-02,1.175539940595626831e-02,-1.418745666742324829e-01,-1.062144264578819275e-01,1.038886159658432007e-01,-1.701079607009887695e-01
1.281044632196426392e-02,6.869035772979259491e-03,-1.435599476099014282e-01,-1.081238165497779846e-01,1.075861155986785889e-01,-1.725781559944152832e-01
1.543441507965326309e-02,1.827546861022710800e-03,-1.452219635248184204e-01,-1.100213825702667236e-01,1.112827733159065247e-01,-1.750320047140121460e-01
1.799045875668525696e-02,-3.368594218045473099e-03,-1.468599736690521240e-01,-1.119061782956123352e-01,1.149764209985733032e-01,-1.774680614471435547e-01
2.047548070549964905e-02,-8.718858473002910614e-03,-1.484733074903488159e-01,-1.137771457433700562e-01,1.186648607254028320e-01,-1.798848360776901245e-01
2.288643270730972290e-02,-1.422264240682125092e-02,-1.500612348318099976e-01,-1.156333014369010925e-01,1.223459169268608093e-01,-1.822808682918548584e-01
2.522032149136066437e-02,-1.987922750413417816e-02,-1.516231596469879150e-01,-1.174736320972442627e-01,1.260173469781875610e-01,-1.846546530723571777e-01
2.747420035302639008e-02,-2.568785846233367920e-02,-1.531583368778228760e-01,-1.192970871925354004e-01,1.296769827604293823e-01,-1.870047003030776978e-01
2.964518591761589050e-02,-3.164766728878021240e-02,-1.546660959720611572e-01,-1.211026012897491455e-01,1.333225071430206299e-01,-1.893294304609298706e-01
3.173045068979263306e-02,-3.775768727064132690e-02,-1.561458259820938110e-01,-1.228891536593437195e-01,1.369516551494598389e-01,-1.916273534297943115e-01
3.372721374034881592e-02,-4.401692003011703491e-02,-1.575967520475387573e-01,-1.246556714177131653e-01,1.405621170997619629e-01,-1.938969045877456665e-01
3.563276678323745728e-02,-5.042420700192451477e-02,-1.590182930231094360e-01,-1.264011412858963013e-01,1.441515833139419556e-01,-1.961365938186645508e-01
3.744445741176605225e-02,-5.697838589549064636e-02,-1.604096740484237671e-01,-1.281244307756423950e-01,1.477177888154983521e-01,-1.983448565006256104e-01
3.915969282388687134e-02,-6.367816030979156494e-02,-1.617702245712280273e-01,-1.298244893550872803e-01,1.512583643198013306e-01,-2.005200535058975220e-01
4.077593982219696045e-02,-7.052213698625564575e-02,-1.630992889404296875e-01,-1.315002292394638062e-01,1.547709554433822632e-01,-2.026607096195220947e-01
4.229073226451873779e-02,-7.750885188579559326e-02,-1.643961668014526367e-01,-1.331506371498107910e-01,1.582531780004501343e-01,-2.047651708126068115e-01
4.370167106389999390e-02,-8.463675528764724731e-02,-1.656601577997207642e-01,-1.347746253013610840e-01,1.617027074098587036e-01,-2.068319618701934814e-01
4.500642046332359314e-02,-9.190420061349868774e-02,-1.668905764818191528e-01,-1.363710016012191772e-01,1.651172041893005371e-01,-2.088593691587448120e-01
4.620271176099777222e-02,-9.930944442749023438e-02,-1.680867522954940796e-01,-1.379388570785522461e-01,1.684942096471786499e-01,-2.108459621667861938e-01
4.728834331035614014e-02,-1.068506538867950439e-01,-1.692479848861694336e-01,-1.394769847393035889e-01,1.718314141035079956e-01,-2.127900272607803345e-01
4.826118797063827515e-02,-1.145259290933609009e-01,-1.703735440969467163e-01,-1.409843116998672485e-01,1.751264035701751709e-01,-2.146900296211242676e-01
4.911918565630912781e-02,-1.223332509398460388e-01,-1.714627593755722046e-01,-1.424597203731536865e-01,1.783767640590667725e-01,-2.165443003177642822e-01
4.986034333705902100e-02,-1.302704960107803345e-01,-1.725150048732757568e-01,-1.439021676778793335e-01,1.815801411867141724e-01,-2.183513790369033813e-01
5.048275366425514221e-02,-1.383354812860488892e-01,-1.735295504331588745e-01,-1.453105807304382324e-01,1.847341656684875488e-01,-2.201096713542938232e-01
5.098456516861915588e-02,-1.465259045362472534e-01,-1.745057255029678345e-01,-1.466838568449020386e-01,1.878363639116287231e-01,-2.218175828456878662e-01
5.136401578783988953e-02,-1.548393815755844116e-01,-1.754428446292877197e-01,-1.480208188295364380e-01,1.908844262361526489e-01,-2.234735041856765747e-01
5.161941051483154297e-02,-1.632734388113021851e-01,-1.763402372598648071e-01,-1.493205726146697998e-01,1.938760280609130859e-01,-2.250759303569793701e-01
5.174913257360458374e-02,-1.718254983425140381e-01,-1.771972328424453735e-01,-1.505818665027618408e-01,1.968086957931518555e-01,-2.266232222318649292e-01
5.175164341926574707e-02,-1.804928779602050781e-01,-1.780131757259368896e-01,-1.518037170171737671e-01,1.996801197528839111e-01,-2.281139343976974487e-01
5.162548273801803589e-02,-1.892728060483932495e-01,-1.787874251604080200e-01,-1.529850363731384277e-01,2.024879455566406250e-01,-2.295464873313903809e-01
5.136926472187042236e-02,-1.981624513864517212e-01,-1.795192509889602661e-01,-1.541248112916946411e-01,2.052299380302429199e-01,-2.309193909168243408e-01
5.098168551921844482e-02,-2.071588337421417236e-01,-1.802080869674682617e-01,-1.552219390869140625e-01,2.079036086797714233e-01,-2.322310805320739746e-01
5.046151950955390930e-02,-2.162589132785797119e-01,-1.808532476425170898e-01,-1.562753915786743164e-01,2.105068415403366089e-01,-2.334800809621810913e-01
4.980762302875518799e-02,-2.254595309495925903e-01,-1.814541518688201904e-01,-1.572841405868530273e-01,2.130371630191802979e-01,-2.346649765968322754e-01
4.901893436908721924e-02,-2.347574681043624878e-01,-1.820100992918014526e-01,-1.582471430301666260e-01,2.154924273490905762e-01,-2.357842326164245605e-01
4.809447377920150757e-02,-2.441494017839431763e-01,-1.825204789638519287e-01,-1.591632813215255737e-01,2.178704142570495605e-01,-2.368363738059997559e-01
4.703333973884582520e-02,-2.536318600177764893e-01,-1.829847395420074463e-01,-1.600316613912582397e-01,2.201688736677169800e-01,-2.378200292587280273e-01
4.583471640944480896e-02,-2.632013857364654541e-01,-1.834022253751754761e-01,-1.608512401580810547e-01,2.223855704069137573e-01,-2.387337684631347656e-01
4.449786618351936340e-02,-2.728543281555175781e-01,-1.837723702192306519e-01,-1.616211086511611938e-01,2.245183885097503662e-01,-2.395762503147125244e-01
4.302214458584785461e-02,-2.825869619846343994e-01,-1.840945929288864136e-01,-1.623402386903762817e-01,2.265652418136596680e-01,-2.403460592031478882e-01
4.147946089506149292e-02,-2.923907041549682617e-01,-1.843681782484054565e-01,-1.630251556634902954e-01,2.285608053207397461e-01,-2.410419732332229614e-01
4.000905156135559082e-02,-3.022516071796417236e-01,-1.845934987068176270e-01,-1.637029945850372314e-01,2.305596768856048584e-01,-2.416626214981079102e-01
3.860802948474884033e-02,-3.121650516986846924e-01,-1.847719699144363403e-01,-1.643580943346023560e-01,2.325225621461868286e-01,-2.422068119049072266e-01
3.727398812770843506e-02,-3.221269547939300537e-01,-1.849027276039123535e-01,-1.649790853261947632e-01,2.344247549772262573e-01,-2.426734268665313721e-01
3.600487485527992249e-02,-3.321329951286315918e-01,-1.849847286939620972e-01,-1.655576974153518677e-01,2.362504899501800537e-01,-2.430611550807952881e-01
3.479890897870063782e-02,-3.421786725521087646e-01,-1.850170493125915527e-01,-1.660878658294677734e-01,2.379892617464065552e-01,-2.433688491582870483e-01
3.365452215075492859e-02,-3.522591888904571533e-01,-1.849990189075469971e-01,-1.665653735399246216e-01,2.396339029073715210e-01,-2.435953319072723389e-01
3.257033228874206543e-02,-3.623696565628051758e-01,-1.849299967288970947e-01,-1.669869720935821533e-01,2.411792874336242676e-01,-2.437394708395004272e-01
3.154509887099266052e-02,-3.725050389766693115e-01,-1.848094165325164795e-01,-1.673503220081329346e-01,2.426214665174484253e-01,-2.438001632690429688e-01
3.057770989835262299e-02,-3.826601505279541016e-01,-1.846368163824081421e-01,-1.676535904407501221e-01,2.439573854207992554e-01,-2.437763959169387817e-01
2.966716513037681580e-02,-3.928297162055969238e-01,-1.844117939472198486e-01,-1.678954511880874634e-01,2.451844960451126099e-01,-2.436672747135162354e-01
2.881254628300666809e-02,-4.030084609985351562e-01,-1.841338872909545898e-01,-1.680746525526046753e-01,2.463004291057586670e-01,-2.434717118740081787e-01
2.801302075386047363e-02,-4.131909310817718506e-01,-1.838027387857437134e-01,-1.681901961565017700e-01,2.473031878471374512e-01,-2.431888431310653687e-01
2.726781368255615234e-02,-4.233716130256652832e-01,-1.834181249141693115e-01,-1.682413518428802490e-01,2.481909543275833130e-01,-2.428178638219833374e-01
2.657619863748550415e-02,-4.335450530052185059e-01,-1.829795986413955688e-01,-1.682272702455520630e-01,2.489619255065917969e-01,-2.423579543828964233e-01
2.593749016523361206e-02,-4.437056183815002441e-01,-1.824869215488433838e-01,-1.681473702192306519e-01,2.496145367622375488e-01,-2.418083548545837402e-01
2.535101957619190216e-02,-4.538476467132568359e-01,-1.819398850202560425e-01,-1.680010408163070679e-01,2.501472532749176025e-01,-2.411684095859527588e-01
2.481613308191299438e-02,-4.639654755592346191e-01,-1.813382208347320557e-01,-1.677876710891723633e-01,2.505586147308349609e-01,-2.404374182224273682e-01
2.433217503130435944e-02,-4.740533828735351562e-01,-1.806817352771759033e-01,-1.675067543983459473e-01,2.508472204208374023e-01,-2.396149039268493652e-01
2.389847673475742340e-02,-4.841056168079376221e-01,-1.799702346324920654e-01,-1.671578586101531982e-01,2.510118782520294189e-01,-2.387002855539321899e-01
2.351434901356697083e-02,-4.941163659095764160e-01,-1.792035996913909912e-01,-1.667405217885971069e-01,2.510512769222259521e-01,-2.376930862665176392e-01
2.317905984818935394e-02,-5.040798187255859375e-01,-1.783817112445831299e-01,-1.662543863058090210e-01,2.509643733501434326e-01,-2.365929633378982544e-01
2.289183624088764191e-02,-5.139901041984558105e-01,-1.775044500827789307e-01,-1.656990051269531250e-01,2.507501840591430664e-01,-2.353994846343994141e-01
2.265184558928012848e-02,-5.238414406776428223e-01,-1.765717566013336182e-01,-1.650741398334503174e-01,2.504077255725860596e-01,-2.341124862432479858e-01
2.245818823575973511e-02,-5.336279273033142090e-01,-1.755836904048919678e-01,-1.643795669078826904e-01,2.499361336231231689e-01,-2.327318042516708374e-01
2.230989187955856323e-02,-5.433436632156372070e-01,-1.745401918888092041e-01,-1.636150181293487549e-01,2.493346929550170898e-01,-2.312572747468948364e-01
2.220589667558670044e-02,-5.529828071594238281e-01,-1.734412759542465210e-01,-1.627802401781082153e-01,2.486026734113693237e-01,-2.296887636184692383e-01
2.214504778385162354e-02,-5.625395178794860840e-01,-1.722870767116546631e-01,-1.618751585483551025e-01,2.477396577596664429e-01,-2.280264347791671753e-01
2.212609350681304932e-02,-5.720079541206359863e-01,-1.710776835680007935e-01,-1.608996987342834473e-01,2.467451542615890503e-01,-2.262703180313110352e-01
2.214767225086688995e-02,-5.813822150230407715e-01,-1.698133051395416260e-01,-1.598538160324096680e-01,2.456189244985580444e-01,-2.244206368923187256e-01
2.220831066370010376e-02,-5.906565189361572266e-01,-1.684940904378890991e-01,-1.587374657392501831e-01,2.443607896566390991e-01,-2.224775999784469604e-01
2.230641990900039673e-02,-5.998250246047973633e-01,-1.671203225851058960e-01,-1.575508415699005127e-01,2.429705858230590820e-01,-2.204416692256927490e-01
2.244029194116592407e-02,-6.088820099830627441e-01,-1.656922549009323120e-01,-1.562940180301666260e-01,2.414485067129135132e-01,-2.183132022619247437e-01
2.260809764266014099e-02,-6.178217530250549316e-01,-1.642102301120758057e-01,-1.549671590328216553e-01,2.397947460412979126e-01,-2.160927355289459229e-01
2.280788682401180267e-02,-6.266385316848754883e-01,-1.626746505498886108e-01,-1.535705775022506714e-01,2.380096018314361572e-01,-2.137809246778488159e-01
2.303759194910526276e-02,-6.353266835212707520e-01,-1.610859483480453491e-01,-1.521045565605163574e-01,2.360935509204864502e-01,-2.113784998655319214e-01
2.329502068459987640e-02,-6.438806056976318359e-01,-1.594446152448654175e-01,-1.505694836378097534e-01,2.340472191572189331e-01,-2.088862359523773193e-01
2.357786893844604492e-02,-6.522948741912841797e-01,-1.577511131763458252e-01,-1.489657759666442871e-01,2.318713814020156860e-01,-2.063050419092178345e-01
2.388372458517551422e-02,-6.605638861656188965e-01,-1.560061275959014893e-01,-1.472939550876617432e-01,2.295669615268707275e-01,-2.036359161138534546e-01
2.421006932854652405e-02,-6.686822175979614258e-01,-1.542102545499801636e-01,-1.455546617507934570e-01,2.271350026130676270e-01,-2.008800208568572998e-01
2.455429174005985260e-02,-6.766445636749267578e-01,-1.523642390966415405e-01,-1.437485218048095703e-01,2.245768010616302490e-01,-1.980385184288024902e-01
2.491369657218456268e-02,-6.844456195831298828e-01,-1.504688411951065063e-01,-1.418762803077697754e-01,2.218937128782272339e-01,-1.951128393411636353e-01
2.528550848364830017e-02,-6.920801401138305664e-01,-1.485248953104019165e-01,-1.399386972188949585e-01,2.190873175859451294e-01,-1.921042948961257935e-01
2.566688880324363708e-02,-6.995430588722229004e-01,-1.465333104133605957e-01,-1.379367709159851074e-01,2.161593139171600342e-01,-1.890145540237426758e-01
2.605495229363441467e-02,-7.068292498588562012e-01,-1.444950997829437256e-01,-1.358714699745178223e-01,2.131116539239883423e-01,-1.858452409505844116e-01
2.644677087664604187e-02,-7.139338254928588867e-01,-1.424112468957901001e-01,-1.337437778711318970e-01,2.099464386701583862e-01,-1.825980991125106812e-01
2.683939971029758453e-02,-7.208518981933593750e-01,-1.402828842401504517e-01,-1.315549165010452271e-01,2.066659033298492432e-01,-1.792750656604766846e-01
2.722988463938236237e-02,-7.275786399841308594e-01,-1.381112635135650635e-01,-1.293061673641204834e-01,2.032725065946578979e-01,-1.758782118558883667e-01
2.761528454720973969e-02,-7.341094017028808594e-01,-1.358975768089294434e-01,-1.269988268613815308e-01,1.997688263654708862e-01,-1.724096834659576416e-01
2.799268066883087158e-02,-7.404396533966064453e-01,-1.336432397365570068e-01,-1.246343404054641724e-01,1.961576789617538452e-01,-1.688717156648635864e-01
2.835920639336109161e-02,-7.465648651123046875e-01,-1.313496977090835571e-01,-1.222142502665519714e-01,1.924420744180679321e-01,-1.652667522430419922e-01
2.871205285191535950e-02,-7.524806857109069824e-01,-1.290184259414672852e-01,-1.197401806712150574e-01,1.886251568794250488e-01,-1.615973711013793945e-01
2.904849126935005188e-02,-7.581828832626342773e-01,-1.266510486602783203e-01,-1.172138825058937073e-01,1.847103536128997803e-01,-1.578662693500518799e-01
2.936588786542415619e-02,-7.636673450469970703e-01,-1.242493242025375366e-01,-1.146371737122535706e-01,1.807011663913726807e-01,-1.540762335062026978e-01
2.966172061860561371e-02,-7.689300775527954102e-01,-1.218149736523628235e-01,-1.120120063424110413e-01,1.766013354063034058e-01,-1.502302438020706177e-01
2.993360348045825958e-02,-7.739672064781188965e-01,-1.193498745560646057e-01,-1.093404516577720642e-01,1.724148690700531006e-01,-1.463314443826675415e-01
3.017929010093212128e-02,-7.787750363349914551e-01,-1.168560609221458435e-01,-1.066246777772903442e-01,1.681458503007888794e-01,-1.423830538988113403e-01
3.039669618010520935e-02,-7.833499312400817871e-01,-1.143356487154960632e-01,-1.038669496774673462e-01,1.637986153364181519e-01,-1.383885145187377930e-01
3.058391064405441284e-02,-7.876884937286376953e-01,-1.117907464504241943e-01,-1.010696664452552795e-01,1.593777090311050415e-01,-1.343513876199722290e-01
3.073920868337154388e-02,-7.917874455451965332e-01,-1.092236414551734924e-01,-9.823533892631530762e-02,1.548878550529479980e-01,-1.302753835916519165e-01
3.086105920374393463e-02,-7.956436872482299805e-01,-1.066367849707603455e-01,-9.536661207675933838e-02,1.503339856863021851e-01,-1.261643916368484497e-01
3.094814531505107880e-02,-7.992542982101440430e-01,-1.040326580405235291e-01,-9.246620535850524902e-02,1.457212567329406738e-01,-1.220224574208259583e-01
3.099935688078403473e-02,-8.026164770126342773e-01,-1.014138534665107727e-01,-8.953701704740524292e-02,1.410550326108932495e-01,-1.178537681698799133e-01
3.101380541920661926e-02,-8.057277202606201172e-01,-9.878305345773696899e-02,-8.658207952976226807e-02,1.363408118486404419e-01,-1.136627122759819031e-01
3.099083527922630310e-02,-8.085857033729553223e-01,-9.614314138889312744e-02,-8.360449969768524170e-02,1.315843909978866577e-01,-1.094538196921348572e-01
3.093002177774906158e-02,-8.111882209777832031e-01,-9.349703788757324219e-02,-8.060757070779800415e-02,1.267917305231094360e-01,-1.052318289875984192e-01
3.083114326000213623e-02,-8.135333657264709473e-01,-9.084791690111160278e-02,-7.759498804807662964e-02,1.219693720340728760e-01,-1.010018363595008850e-01
3.069835714995861053e-02,-8.156164884567260742e-01,-8.820459246635437012e-02,-7.457714527845382690e-02,1.171352267265319824e-01,-9.677829593420028687e-02
3.052318468689918518e-02,-8.174440860748291016e-01,-8.555429428815841675e-02,-7.154175639152526855e-02,1.122676208615303040e-01,-9.254243224859237671e-02
3.031711839139461517e-02,-8.190044760704040527e-01,-8.292236179113388062e-02,-6.851152330636978149e-02,1.074082702398300171e-01,-8.832973986864089966e-02
3.006759472191333771e-02,-8.203088045120239258e-01,-8.028736710548400879e-02,-6.546828150749206543e-02,1.025237515568733215e-01,-8.411148935556411743e-02
2.979223243892192841e-02,-8.213422894477844238e-01,-7.768244296312332153e-02,-6.244323402643203735e-02,9.767039120197296143e-02,-7.993488758802413940e-02
2.947191335260868073e-02,-8.221212625503540039e-01,-7.507680356502532959e-02,-5.940841883420944214e-02,9.279768913984298706e-02,-7.575707882642745972e-02
2.913134358823299408e-02,-8.226273059844970703e-01,-7.251287996768951416e-02,-5.640428513288497925e-02,8.797807246446609497e-02,-7.163864374160766602e-02
2.874558046460151672e-02,-8.228808045387268066e-01,-6.995323300361633301e-02,-5.339571088552474976e-02,8.314883708953857422e-02,-6.752690672874450684e-02
2.834626659750938416e-02,-8.228610157966613770e-01,-6.744648516178131104e-02,-5.043091252446174622e-02,7.839514315128326416e-02,-6.349232792854309082e-02
2.790191955864429474e-02,-8.225918412208557129e-01,-6.494987756013870239e-02,-4.746782034635543823e-02,7.364273071289062500e-02,-5.947344377636909485e-02
2.744947932660579681e-02,-8.220518827438354492e-01,-6.251534074544906616e-02,-4.455889388918876648e-02,6.898386776447296143e-02,-5.554599687457084656e-02
2.695503458380699158e-02,-8.212652802467346191e-01,-6.010157614946365356e-02,-4.166255891323089600e-02,6.434541940689086914e-02,-5.165026709437370300e-02
2.645924873650074005e-02,-8.202124238014221191e-01,-5.775837600231170654e-02,-3.883190453052520752e-02,5.981954187154769897e-02,-4.786051437258720398e-02
2.592420764267444611e-02,-8.189177513122558594e-01,-5.544645711779594421e-02,-3.602454811334609985e-02,5.533272027969360352e-02,-4.411804303526878357e-02
2.539460733532905579e-02,-8.173637390136718750e-01,-5.321306362748146057e-02,-3.329364210367202759e-02,5.097622424364089966e-02,-4.049503430724143982e-02
2.482948452234268188e-02,-8.155735731124877930e-01,-5.102411657571792603e-02,-3.059894405305385590e-02,4.668126255273818970e-02,-3.693830966949462891e-02
2.427652850747108459e-02,-8.135337233543395996e-01,-4.892053827643394470e-02,-2.799073792994022369e-02,4.253283143043518066e-02,-3.351308032870292664e-02
2.369261160492897034e-02,-8.112646341323852539e-01,-4.687685891985893250e-02,-2.543408982455730438e-02,3.847251832485198975e-02,-3.017669543623924255e-02
2.312716841697692871e-02,-8.087586164474487305e-01,-4.492385685443878174e-02,-2.297270484268665314e-02,3.457244858145713806e-02,-2.698163688182830811e-02
2.253630384802818298e-02,-8.060312867164611816e-01,-4.304950311779975891e-02,-2.058124542236328125e-02,3.079220466315746307e-02,-2.390241622924804688e-02
2.196930907666683197e-02,-8.030831813812255859e-01,-4.126890003681182861e-02,-1.829189993441104889e-02,2.718249708414077759e-02,-2.097130939364433289e-02
2.138371765613555908e-02,-7.999227046966552734e-01,-3.958922252058982849e-02,-1.609477587044239044e-02,2.373074926435947418e-02,-1.818842813372612000e-02
2.082628570497035980e-02,-7.965615987777709961e-01,-3.800387308001518250e-02,-1.400404609739780426e-02,2.045530825853347778e-02,-1.555656641721725464e-02
2.025833539664745331e-02,-7.929978966712951660e-01,-3.654592856764793396e-02,-1.203238964080810547e-02,1.738347858190536499e-02,-1.311151776462793350e-02
1.971884630620479584e-02,-7.892567515373229980e-01,-3.518236428499221802e-02,-1.017014123499393463e-02,1.449166331440210342e-02,-1.081926282495260239e-02
1.918102800846099854e-02,-7.853255867958068848e-01,-3.397286310791969299e-02,-8.457064628601074219e-03,1.185324974358081818e-02,-8.754389360547065735e-03
1.867033913731575012e-02,-7.812416553497314453e-01,-3.286107629537582397e-02,-6.859556771814823151e-03,9.403836913406848907e-03,-6.848809774965047836e-03
1.817479915916919708e-02,-7.769849896430969238e-01,-3.192630410194396973e-02,-5.438346415758132935e-03,7.252063136547803879e-03,-5.205450113862752914e-03
1.770567893981933594e-02,-7.725989818572998047e-01,-3.110206685960292816e-02,-4.149154294282197952e-03,5.315135698765516281e-03,-3.742386121302843094e-03
1.726382970809936523e-02,-7.680661678314208984e-01,-3.046581335365772247e-02,-3.052710788324475288e-03,3.701135516166687012e-03,-2.559246961027383804e-03
1.685100980103015900e-02,-7.634269595146179199e-01,-2.996171265840530396e-02,-2.111196517944335938e-03,2.339755184948444366e-03,-1.588024548254907131e-03
1.647350192070007324e-02,-7.586722373962402344e-01,-2.965226396918296814e-02,-1.373385079205036163e-03,1.317853340879082680e-03,-9.077460854314267635e-04
1.612969487905502319e-02,-7.538363933563232422e-01,-2.949950098991394043e-02,-8.152342052198946476e-04,5.899782991036772728e-04,-4.741983429994434118e-04
